ACME_-	ACME_1_KC879557.1	ACME_2_KC879558.1	ACME_3_AB687558.1	ACME_4_FR753166.1	ACME_5_AB665981.1	ACME_6_KF234240.1	ACME_7_KF175393.1
ActA_1_NC	ActA_1_NC.003210.1
AgrA_1_NC	AgrA_1_NC.003210.1
Ami_1_NC	Ami_1_NC.003210.1
Aut_1_nc	Aut_1_nc.003210.1
ElrA_-	ElrA_1_295112306	ElrA_2_CP003726.1	ElrA_3_CP002621.1	ElrA_4_CP002491.1	ElrA_5__AE016830.1
Eut	Eut.operon_1_NC_003210.1
FlaA_1_NC	FlaA_1_NC.003210.1
FlgC_1_NC	FlgC_1_NC.003210.1
FlgE_1_NC	FlgE_1_NC.003210.1
GadA_1_NC	GadA_1_NC.003210.1
GadB_1_NC	GadB_1_NC.003210.1
GadC_1_NC	GadC_1_NC.003210.1
Gmar_1_NC	Gmar_1_NC.017537.1
LapB_1_NC	LapB_1_NC.003210.1
Lap_1_NC	Lap_1_NC.003210.1
OatA_1_NC	OatA_1_NC.003210.1
OppA_1_NC	OppA_1_NC.003210.1
OrfX_1_NC	OrfX_1_NC.003210.1
OrfZ_1_NC	OrfZ_1_NC.003210.1
Rli55_1_NC	Rli55_1_NC.003210.1
Rli60_1_NC	Rli60_1_NC.003210.1
Rsbv_1_NC	Rsbv_1_NC.003210.1
SrtA_-	SrtA_1_CP003726.1	SrtA_2_CP002491.1	SrtA_3_295112306	SrtA_4_AE016830.1
aaiC_4_SSI	aaiC_4_SSI.AA790
aar_-	aar_10_SSI.AA787	aar_11_SSI.AA797	aar_12_SSI.AA784	aar_1_CU98159	aar_4_042	aar_5_SSI.AA795	aar_6_SSI.AA798	aar_7_SSI.AA785	aar_8_H131941065	aar_9_SSI.AA794
ace_-	ace_7_AF260879.1	ace_8_AF260878.1
ace_-_1	ace_1_AF260872.1	ace_2_AF260873.1	ace_5_AF260877.1	ace_6_AF260876.1
ace_-_2	ace_3_AE016830.1	ace_4_AF260874.1
acm_1_CP003351	acm_1_CP003351.1
agg3C_-	agg3C_1_AF411067	agg3C_2_TD000189_6	agg3C_3_ESBL_2014_0082	agg3C_4_SSI.AA782	agg3C_5_TD48_19	agg3C_6_55989	agg3C_7_SSI.AA797	agg3C_8_SSI.AA800	agg3C_9_SSI.AA791
agg4A_-	agg4A_1_SSI.AA799	agg4A_2_AB255435	agg4A_4_SSI.AA786	agg4A_5_EU637023	agg4A_6_SSI.AA803
agg4C_4_SSI+	agg4C_1_AB255435	agg4C_2_TD000069_14	agg4C_3_EU637023	agg4C_4_SSI.AA805
agg5A_-	agg5A_10_SSI.AA791	agg5A_11_93	agg5A_12_JH660546	agg5A_13_ESBL.2014_0082	agg5A_14_SSI.AA797	agg5A_15_AB571097	agg5A_1_SSI.AA789	agg5A_2_102	agg5A_3_AB571098	agg5A_4_SSI.AA796	agg5A_5_SSI.AA793	agg5A_6_SSI.AA800	agg5A_7_AB513347	agg5A_8_SSI.AA783	agg5A_9_AIHO01000017
aggA_-	aggA_10_SSI.AA804	aggA_6_TD000209_18	aggA_7_SSI.AA792	aggA_8_SSI.AA802
aggA_-_1	aggA_1_AFRH01000026	aggA_2_Y18149	aggA_3_SSI.AA801	aggA_4_SSI.AA788
agg_-	agg_1_AF454824.1	agg_2_CP002493.1
aur_-	aur_10_CP006630.1	aur_11_CP006706.1	aur_12_HE681097.1	aur_1_BA000018.3	aur_2_CP011147.1	aur_3_BA000033.2	aur_4_AJ938182.1	aur_5_AP014942.1	aur_6_FR821779.1	aur_7_CP002114.2	aur_8_AP014942.1	aur_9_AP014653.1
aur_1-	aur_13_CP003808.1	aur_14_CP009554.1	aur_15_CP009681.1	aur_16_CP007447.1
biLE_1_NC	biLE_1_NC.003210.1
bsh_1_NC	bsh_1_NC.003210.1
btlB_1_NC	btlB_1_NC.003210.1
cCF10_-	cCF10_1_AE016830.1	cCF10_2_CP002621.1	cCF10_3_CP002491.1	cCF10_4_CP003726.1	cCF10_5_FP929058.1
cOB1_-	cOB1_1_AE016830.1	cOB1_2_CP002621.1	cOB1_3_CP002491.1	cOB1_4_295112306
cad_-	cad_1_CP002621.1	cad_2_AF421355.1	cad_3_AE016830.1	cad_4_CP003726.1
camE_-	camE_1_AF435442.1	camE_2_AF435439.1	camE_3_AF435438.1	camE_4_AF435437.1	camE_5_AF435441.1	camE_6_AF435440.1	camE_7_CP002491.1	camE_8_CP003726.1
chiA_1_NC	chiA_1_NC.003210.1
cia_16_NC+	cia_10_CU928146	cia_11_CYGN01000074	cia_12_HG977148	cia_13_CYDC01000060	cia_14_GG772897	cia_15_FBYD01000003	cia_16_NC.022333	cia_17_CYDV01000045	cia_18_paper	cia_19_UDDL01000017	cia_1_APXL01000039	cia_20_UGDH01000002	cia_21_UDBB01000022	cia_22_MG648896	cia_23_UGFU01000002	cia_24_LT985320	cia_25_UGDO01000001	cia_26_UGAQ01000002	cia_27_UGCM01000002	cia_28_UCWM01000120	cia_29_UGEO01000002	cia_2_JH959580	cia_30_UGDV01000002	cia_31_QONB01000086	cia_32_UCVA01000007	cia_33_UGDS01000003	cia_34_UGCU01000003	cia_35_UDDG01000041	cia_37_UGGH01000002	cia_3_AMTQ01000007	cia_4_AQCD01000051	cia_5_AQBU01000077	cia_6_KP398867	cia_7_AEZQ02000003	cia_8_CYBM01000041	cia_9_AKLW01000001
clbB_-	clbB_10_NZ.CP031215	clbB_11_NZ.NHYO01000001	clbB_12_NZ.POSX01000009	clbB_13_NZ.BGTD01000029	clbB_14_NZ.NOOE01000024	clbB_15_NZ.NOCV01000001	clbB_16_NZ.PQBB01000031	clbB_17_NZ.NMHH01000008	clbB_18_NZ.CP028714	clbB_19_NZ.PTMI01000029	clbB_1_AM229678	clbB_20_NZ.UILC01000021	clbB_21_NZ.PHQR01000008	clbB_22_NZ.NJJT01000019	clbB_23_NZ.NJKH01000003	clbB_24_NZ.PKHJ01000024	clbB_25_NZ.NHYR01000001	clbB_26_NZ.NOHC01000002	clbB_27_NZ.NMNB01000022	clbB_28_NZ.PIJO01000014	clbB_29_NZ.BGMF01000007	clbB_2_NZ.NOAL01000001	clbB_30_NZ.NJLJ01000015	clbB_31_NZ.BGUA01000022	clbB_32_NZ.NMGW01000001	clbB_33_NZ.UIIO01000028	clbB_34_NZ.NHZD01000022	clbB_35_NZ.PQBA01000035	clbB_36_NZ.PQAZ01000015	clbB_37_NZ.NMBO01000009	clbB_38_NZ.NMGV01000001	clbB_39_NZ.POSW02000002	clbB_3_NZ.POTA01000001	clbB_40_NZ.NBKS01000074	clbB_41_NZ.UILL01000021	clbB_42_NZ.NLGV01000030	clbB_43_NZ.NHYQ01000001	clbB_44_NZ.BGQZ01000024	clbB_45_NZ.NJKD01000014	clbB_46_NZ.NMKC01000001	clbB_47_NZ.NBBY01000024	clbB_48_NZ.UIKR01000022	clbB_49_NZ.NORT01000001	clbB_4_NZ.UIMD01000019	clbB_50_NZ.NHYZ01000021	clbB_51_QOYK01000002	clbB_52_NZ.NMGJ01000001	clbB_53_NZ.NLRN01000018	clbB_54_NZ.JZOJ01000078	clbB_55_NZ.PYQV01000001	clbB_56_NZ.NHZC01000023	clbB_57_NZ.BGSI01000021	clbB_58_NZ.QOFG01000037	clbB_59_NZ.NMBC01000011	clbB_5_NZ.NKUZ01000001	clbB_60_NZ.NOQV01000015	clbB_61_NZ.NMCS01000009	clbB_62_NZ.NJLF01000031	clbB_63_NZ.QLAC01000024	clbB_64_NZ.NOGN01000011	clbB_65_NZ.PNYD02000014	clbB_66_NZ.NJNL01000005	clbB_67_NZ.NMCT01000003	clbB_68_NZ.POSZ01000001	clbB_69_NZ.NKDW01000018	clbB_6_NZ.NHYP01000001	clbB_70_NZ.NOGQ01000011	clbB_71_NZ.NNZX01000002	clbB_72_NZ.NHYT01000001	clbB_73_NZ.UIMO01000024	clbB_74_NZ.NMAC01000034	clbB_75_NZ.PKHH01000001	clbB_76_NZ.NMEK01000002	clbB_77_NZ.NMIW01000022	clbB_7_NZ.BGQD01000029	clbB_8_NZ.PENR01000003	clbB_9_QOES01000026
clpB_1_NC	clpB_1_NC.003210.1
clpc_1_NC	clpc_1_NC.003210.1
clpe_1_NC	clpe_1_NC.003210.1
clpp_1_NC	clpp_1_NC.003210.1
cluster	air_1_FN554766	air_4_CP003034
cluster_1	etpD_1_AB011549	etpD_2_AP010959	etpD_3_CP003111
cluster_10	tir_35_AB288103	tir_36_AJ633130
cluster_100	hra_10_JF808724	hra_11_CP006632
cluster_101	hra_6_LM995856	hra_7_CP012693
cluster_102	efa1_10_AJ303141	efa1_11_AJ277443	efa1_1_AY840983	efa1_2_AJ133705	efa1_3_FM180568	efa1_4_AP010960	efa1_5_AF159462	efa1_6_AJ459584	efa1_7_AP010958	efa1_8_CP001846	efa1_9_AF453441
cluster_103	cnf1_1_U42629	cnf1_2_X70670	cnf1_3_CP000243	cnf1_4_CP002167	cnf1_5_AF483829	cnf1_6_AM261284	cnf1_7_AF483828
cluster_104	cofA_1_AB049751
cluster_105	terC_10_CP000468	terC_5_CP007491
cluster_106	lngA_1_AF004308	lngA_2_FN822746
cluster_107	focC_1_CP010315	focC_2_Z46635	focCsfaE_1_CP002211	focCsfaE_2_CP001969	sfaE_1_X16664
cluster_108	agg4D_1_EU637023	agg4D_2_AB255435
cluster_109	traT_179_UEKE01000033
cluster_11	tir_1_AF301618	tir_2_AB026719	tir_3_AF311901	tir_4_FN543502
cluster_110	espJ_1_AB303060
cluster_111	espJ_2_AE005174
cluster_112	ehxA_10_EF204922	ehxA_11_EF204925	ehxA_12_EF204923	ehxA_1_EF204927	ehxA_2_EF204928	ehxA_3_AB011549	ehxA_4_X94129	ehxA_5_FJ386569	ehxA_6_AP010959	ehxA_7_HM138194	ehxA_8_AY258503	ehxA_9_AF043471
cluster_113	afaE_25_X91748
cluster_114	espF_5_AJ633130
cluster_115	espF_9_AJ633129
cluster_116	fasA_1_M35257
cluster_117	bfpA_1_AB247925	bfpA_2_AM114103	bfpA_3_FN391182	bfpA_4_AB247923	bfpA_5_AB024946
cluster_118	espA_10_AJ225021	espA_11_AJ303141	espA_12_AY223511	espA_13_AF022236	espA_14_AJ225019	espA_15_AJ225020	espA_17_FM986652	espA_18_AP010960	espA_22_FM201463	espA_23_AJ225018	espA_8_AF064683	espA_9_AJ225015
cluster_119	espA_16_FM986651
cluster_12	tir_28_AY944736	tir_29_AY944735	tir_30_AJ303141	tir_31_AF070069	tir_32_AY944738	tir_33_AF045568	tir_34_AB426060
cluster_120	espA_19_AE005174	espA_20_EU871627	espA_21_CP003109	espA_4_EU871628	espA_6_Y13068
cluster_121	espA_3_AF311901	espA_5_FN543502
cluster_122	espA_7_AJ633130
cluster_123	espA_1_AJ225016	espA_2_AJ633129
cluster_124	lpfA_10_AB198066	lpfA_11_CP003034	lpfA_1_KC207123	lpfA_2_AE014073	lpfA_3_AP010953	lpfA_4_HE616528	lpfA_5_AY646923	lpfA_6_CU928145	lpfA_7_CU928160	lpfA_8_CP002185	lpfA_9_CP000970
cluster_125	eae_11_AJ705052	eae_12_AB647369	eae_13_AB647607	eae_14_FJ609811	eae_16_AJ876652	eae_18_AJ705051	eae_19_DQ523610	eae_1_AB647560	eae_23_FJ609822	eae_24_AB647569	eae_26_AJ876651	eae_33_FJ609810	eae_36_AJ876649	eae_39_FJ609833	eae_3_FJ609827	eae_40_AB647573	eae_41_AF530554	eae_4_AF116899	eae_5_AJ303141
cluster_126	f17A_6_CP001162
cluster_127	focI_1_AM690762	sfaD_10_UGDS01000001	sfaD_1_CP010315	sfaD_2_CP002211	sfaD_3_CP001671	sfaD_4_X16664	sfaD_5_UGFV01000001	sfaD_6_UFZV01000003	sfaD_7_UGAO01000001	sfaD_8_UGAJ01000003	sfaD_9_UFZO01000005
cluster_128	f17A_1_L43373	f17A_2_AF055308	f17A_3_AF022140	f17A_4_AF055307
cluster_129	eae_44_EF204930
cluster_13	cea_11_LT985308	cea_15_UCWM01000089	cea_16_UDCW01000043	cea_1_GG772217	cea_21_LT985303	cea_22_UCWT01000046	cea_2_CYDY01000022	cea_3_CYCO01000082	cea_6_CP000972	cea_7_CYEM01000021
cluster_130	f17A_5_AF055306
cluster_131	f17A_7_L14318
cluster_132	ORF4_1_AB255435	ORF4_2_AFRH01000026	ORF4_3_FN554767
cluster_133	aggA_5_U12894
cluster_134	eae_10_AY696839	eae_22_AB647391	eae_25_AJ705050	eae_29_AF530555	eae_2_AB647609	eae_34_FJ609831	eae_37_AB647555	eae_6_AB647400
cluster_135	aggA_9_AY344586
cluster_136	fedA_1_M61713	fedA_2_AY569976	fedA_3_AM293592
cluster_137	afaE8_1_GQ916596	afaE8_2_AP017620	afaE8_3_GQ497943
cluster_138	aaiC_1_KF678353	aaiC_2_FN554766	aaiC_3_cp003301
cluster_139	focG_1_DQ301498	focG_2_S68237
cluster_14	cea_10_CYBB01000052	cea_12_UCZI01000067	cea_13_QOOE01000165	cea_14_QONK01000239	cea_17_UDAK01000040	cea_18_UCUS01000089	cea_19_LT985284	cea_23_MG692707	cea_8_AQBO01000174	cea_9_LAUC01000234
cluster_140	agg3A_1_AF411067	agg3A_2_HE603111
cluster_141	eae_15_FM872421	eae_17_AB647460	eae_20_AF022236	eae_21_FM180568	eae_27_AB647610	eae_28_GU944692	eae_30_AJ271407	eae_31_AJ744865	eae_32_AF449417	eae_35_AB647440	eae_7_AJ877229	eae_8_AY223510	eae_9_AJ877230
cluster_142	sfaS_1_CP000243	sfaS_2_GG773753
cluster_143	afaE_26_JN688153
cluster_144	aafA_1_AB571093	aafA_2_AB571096	aafA_3_AB571091	aafA_5_TD000088_19	aafA_6_AB571095	aafA_7_AB571094	aafA_8_FN554767
cluster_145	aafA_4_AF012835
cluster_146	afaE_10_DQ386062	afaE_11_DQ386050	afaE_12_DQ386061	afaE_13_DQ386056	afaE_14_X76688	afaE_1_DQ386057	afaE_2_AF329316	afaE_3_DQ386064	afaE_4_DQ386049	afaE_5_DQ386065	afaE_6_DQ386045	afaE_7_DQ386058	afaE_8_DQ386067	afaE_9_DQ386039
cluster_147	afaE_15_DQ386072	afaE_16_DQ386079	afaE_17_DQ386073	afaE_18_DQ386071	afaE_19_DQ386078	afaE_20_DQ386077	afaE_21_DQ386040	afaE_22_DQ386069	afaE_23_DQ386070
cluster_148	eae_38_AB647368
cluster_149	afaD_27_AF072901
cluster_15	mchC_1_AJ515251	mchC_2_AJ009631	mchC_3_AJ515252	mchC_4_FN554766	mchC_5_CP003289	mchC_6_AE014075
cluster_150	afaD_11_AY525531	afaD_14_FM955458	afaD_17_OEEY01000226	afaD_18_JNQN01000006	afaD_19_OEEY01000125	afaD_1_AY525524	afaD_20_AY525526	afaD_22_AY525521	afaD_24_FM955462	afaD_28_KR338833	afaD_2_FM955461	afaD_32_X76688	afaD_33_AY525516	afaD_34_AY525517	afaD_35_OEDS01000007	afaD_36_AIFU01000020	afaD_37_PSQV01000007	afaD_4_JHDK01000099	afaD_5_AF233532	afaD_6_KR338831	afaD_9_AF233533
cluster_151	afaD_16_JNPU01000066	afaD_8_JNQU01000050	agg3B_1_AF411067
cluster_152	aafB_1_FN554767
cluster_153	afaD_15_UGCQ01000001	afaD_29_UGBU01000001	afaD_31_UGCK01000004	aggB_1_U12894	aggB_2_AFRH01000026
cluster_154	eae_45_ECU59503
cluster_155	afaD_10_UGFM01000001	afaD_13_UGAK01000003	afaD_3_UGEQ01000001
cluster_156	afaD_7_UGDH01000002	agg4B_1_EU637023	agg4B_2_AB255435
cluster_157	afaD_23_UINT01000044	afaD_26_UDBH01000052
cluster_158	afaD_12_AF072900	afaD_21_GQ916596
cluster_159	afaD_25_LT985252	afaD_30_UGDD01000003
cluster_16	saa_1_AF399919
cluster_160	afaA_2_GQ916596
cluster_161	traT_106_UCUY01000065	traT_109_UCUS01000056
cluster_162	eae_42_AF071034	eae_43_FM872418
cluster_163	aap_1_AB255435	aap_2_Z32523	aap_3_FN554767
cluster_164	iss_10_CP004009	iss_11_AE014075	iss_12_CU928158	iss_13_CU928160	iss_14_DQ299398	iss_1_DQ381420	iss_2_CP000468	iss_3_CP001509	iss_4_CP001855	iss_5_AP009240	iss_6_CP001846	iss_7_CU928163	iss_8_CP001665	iss_9_CP002167
cluster_165	afaA_1_X76688	afaA_3_M98766	afaA_4_FM955458
cluster_166	mchB_1_AE014075	mchB_2_AJ009631
cluster_167	fanA_1_X05797
cluster_168	mcmA_1_CP000247	mcmA_2_FN554766	mcmA_3_AJ515251	mcmA_4_AJ586887
cluster_169	stx2B_43_GQ995452_g
cluster_17	cba_10_FJ664744	cba_11_FJ664721	cba_12_FJ664745	cba_13_FJ664738	cba_14_FJ664743	cba_15_FJ664724	cba_1_FJ664727	cba_2_FJ664725	cba_3_FJ664734	cba_4_FJ664722	cba_5_FJ664747	cba_6_FJ664720	cba_7_FJ664719	cba_8_FJ664737	cba_9_FJ664740
cluster_170	traT_87_UGBZ01000001
cluster_171	sta1_1_M25607	sta1_2_AJ555214
cluster_172	stb_1_AY028790	stb_2_AJ555214	stb_3_CP000913
cluster_173	mcbA_1_QOOR01000165	mcbA_2_FM877811
cluster_174	cvaC_7_ADTK01000153
cluster_175	cfaC_1_M55661	cfaC_2_FN649418	cfaC_3_AF296132	cfaC_4_AY283611
cluster_176	cia_36_QMGM01000002
cluster_177	celb_10_D00021	celb_1_X63621	celb_2_M57540	celb_3_M31808	celb_5_M30445	celb_6_X15858	celb_7_HF570109	celb_8_AF540491	celb_9_X06119
cluster_178	celb_4_CU928147
cluster_179	astA_10_L11241	astA_11_HM099896	astA_12_KJ149556	astA_1_AF161000	astA_2_AF161001	astA_3_AB042005	astA_4_AB042002	astA_5_AF160998	astA_6_AY545598	astA_7_AF411067	astA_8_HM099897	astA_9_AF160995
cluster_18	tsh_1_AF218073	tsh_2_AY545598	tsh_3_EU330199
cluster_180	cvaC_10_UDAL01000039
cluster_181	afaC_7_AF072900_AF076152	afaC_8_GQ916596	afaC_9_AP017620
cluster_182	afaC_10_KR338832	afaC_11_FM955459	afaC_1_FM955458	afaC_2_JN688153	afaC_3_KR338833	afaC_4_AF329316	afaC_5_X76688	afaC_6_FJ843076
cluster_183	aafC_1_AF114828
cluster_184	papC_18_JNQY01000014	papC_19_JNPN01000012	papC_20_JNMM01000017	papC_22_JJLK01000090	papC_27_ADWT01000028	papC_34_MG692627	papC_36_CP030331	papC_4_ADUF01000323	papC_9_ADTK01000315
cluster_185	toxB_1_AB011549	toxB_2_GQ259888	toxB_3_AB456530	toxB_4_FJ386569
cluster_186	papC_10_ADTK01000047	papC_11_ADTJ01000356	papC_12_JNPT01000031	papC_13_JNRA01000049	papC_14_JOSS01000102	papC_17_JONC01000026	papC_1_LN874954	papC_23_CP002797	papC_24_DQ010312	papC_25_DQ095216	papC_26_CP000243	papC_28_ADWT01000084	papC_2_Y00529	papC_31_APYD01000118	papC_32_AQFH01000003	papC_33_X61239	papC_35_FQSQ01000015	papC_37_CP026853	papC_3_ADUF01000147	papC_40_AP017617	papC_5_ADTX01000079	papC_6_ADWU01000057	papC_7_ADTR01000197	papC_8_ADTP01000123
cluster_187	papC_38_UCVZ01000044
cluster_188	aggC_1_U12894	aggC_2_AFRH01000026
cluster_189	papC_29_APZX01000402	papC_39_UCYH01000046
cluster_19	cea_20_UASC01000009	cea_4_KM085451	cea_5_JNRB01000142
cluster_190	papC_15_JORJ01000276	papC_16_JORH01000015	papC_21_JNNA01000073	papC_30_APZJ01000189
cluster_191	air_3_CP000970
cluster_192	katP_1_AB011549
cluster_193	iutA_14_AAJW02000016	iutA_15_CYGM01000056	iutA_16_CYGC01000019	iutA_17_CYEO01000053	iutA_18_CYCI01000061	iutA_19_CXZL01000052	iutA_20_AP010953	iutA_21_CYDG01000076	iutA_22_CYAV01000050	iutA_23_CYAT01000077	iutA_24_CYDI01000018	iutA_30_AHAW01000079	iutA_31_AHAV01000114	iutA_32_AHAX01000084	iutA_35_UCTS01000042	iutA_36_UGBU01000002	iutA_37_UGAK01000003	iutA_38_UGAD01000001	iutA_39_UGDH01000001	iutA_41_UFZP01000007	iutA_43_UFZO01000004	iutA_44_UGBG01000002	iutA_45_UFZT01000001	iutA_46_UGFC01000006	iutA_47_UGFA01000002	iutA_50_UGAH01000002	iutA_56_UGDN01000003	iutA_57_UARU01000014	iutA_59_UGBA01000002	iutA_60_UGCY01000003	iutA_62_UGAU01000001	iutA_63_UASI01000003	iutA_64_UGDK01000002	iutA_65_UGDX01000002	iutA_66_UGEP01000007	iutA_67_UGCV01000008	iutA_69_UGAA01000001	iutA_71_UGCQ01000002
cluster_194	iutA_33_FLXF01000001	iutA_34_FLWH01000001
cluster_195	iroN_3_CU928146	iroN_4_CP000243	iroN_5_AY545598	iroN_6_AF449498	iroN_7_AE014075	iroN_8_AY365116	iroN_9_CP000034
cluster_196	iroN_10_AP006726	iroN_11_CP002911	iroN_12_AP006725	iroN_13_FP929040
cluster_197	iroN_1_CP002824	iroN_2_FO203355
cluster_198	mchF_10_AY536378	mchF_11_JX077110	mchF_12_CP002089	mchF_13_AF449498	mchF_14_AY545598	mchF_15_X57524	mchF_9_AY237108
cluster_199	mchF_3_CP003301	mchF_4_AE014075	mchF_5_AJ515252	mchF_6_AJ515251	mchF_7_AJ009631	mchF_8_FN554766
cluster_2	tccP_10_AB253571	tccP_11_AB253567	tccP_12_AB275125	tccP_13_AB253581	tccP_14_AB253579	tccP_15_AP010958	tccP_16_AB271154	tccP_17_AB426050	tccP_18_AB271155	tccP_19_AB271153	tccP_1_AB275121	tccP_20_AP010953	tccP_21_AB253560	tccP_22_AB275113	tccP_23_JX101866	tccP_24_AB253557	tccP_25_AB253559	tccP_26_AB275118	tccP_27_AB356001	tccP_28_AB275120	tccP_2_AB275127	tccP_3_AB275123	tccP_4_AB275117	tccP_5_AB275122	tccP_6_AB275129	tccP_7_AB275134	tccP_8_AB275119	tccP_9_AB275115
cluster_20	tccP_29_CP001368	tccP_30_AB253545	tccP_31_AB253537	tccP_32_AB253548	tccP_33_AB355997	tccP_34_AB355995
cluster_200	fyuA_93_QOLU01000084
cluster_201	mchF_1_AF063590	mchF_2_CP003785
cluster_202	iha_10_CP003034	iha_11_CP001671	iha_12_CP003289	iha_13_BA000007	iha_14_AE005174	iha_15_CP000036	iha_16_CP001063	iha_17_CU928162	iha_18_CU928162	iha_19_AJ278144	iha_4_AF399919	iha_5_AP010953	iha_6_DQ211582	iha_7_AE014075	iha_8_AJ586888	iha_9_CP002212
cluster_203	iha_1_CP000970	iha_2_FR686852	iha_3_GU725392
cluster_204	ireA_1_CU928162	ireA_2_AE014075	ireA_3_CP000468	ireA_4_CP002797
cluster_205	chuA_10_UFZA01000001	chuA_11_UFZG01000001	chuA_12_UFZI01000001	chuA_13_UFZN01000003	chuA_14_UFZT01000001	chuA_15_UFZU01000002	chuA_16_UGAO01000001	chuA_17_UGAU01000003	chuA_18_UGBN01000001	chuA_19_UGBR01000009	chuA_1_UINH01000011	chuA_20_UGCC01000002	chuA_21_UGCR01000001	chuA_22_UGEN01000004	chuA_23_UGES01000005	chuA_24_UGEW01000002	chuA_25_UGEY01000001	chuA_26_UGFA01000002	chuA_27_UGFD01000001	chuA_28_UGFM01000001	chuA_29_UGFS01000002	chuA_2_UINK01000001	chuA_30_UGFV01000001	chuA_31_UGGK01000002	chuA_32_UCUT01000012	chuA_33_UCUV01000004	chuA_34_UCVN01000003	chuA_35_UCVY01000005	chuA_36_UCWC01000012	chuA_37_UCWE01000020	chuA_38_UCWI01000002	chuA_39_UCWT01000001	chuA_3_UINR01000007	chuA_40_UCWU01000002	chuA_41_UCXO01000009	chuA_42_UCYP01000006	chuA_43_UCZG01000026	chuA_44_UCZM01000007	chuA_45_UCZO01000002	chuA_46_UDAK01000011	chuA_47_UDCC01000002	chuA_48_UDDG01000005	chuA_49_UDIE01000008	chuA_4_UFZL01000002	chuA_50_UEJS01000003	chuA_51_UEKQ01000026	chuA_52_UARX01000012	chuA_53_UARZ01000003	chuA_54_UASC01000001	chuA_55_AP017610	chuA_56_CYEM01000007	chuA_57_CXZI01000008	chuA_58_CXZV01000007	chuA_59_CYAV01000001	chuA_5_UGDB01000003	chuA_60_CYBM01000009	chuA_61_CYBW01000008	chuA_63_CP008805	chuA_64_HG977187	chuA_65_CP007133	chuA_66_JH969488	chuA_67_JH970462	chuA_68_JH943314	chuA_69_JH954320	chuA_6_UGDM01000004	chuA_70_JH959976	chuA_71_JH963931	chuA_72_JH964474	chuA_73_AKLV01000041	chuA_74_CP003034	chuA_75_CP001671	chuA_76_FN554766	chuA_77_CM000662	chuA_78_CU928164	chuA_79_AAJU02000002	chuA_7_UGEE01000003	chuA_8_UGFJ01000003	chuA_9_UGGA01000003
cluster_206	chuA_62_CYCK01000002
cluster_207	espfm_2_25187962
cluster_208	cib_1_KP198616	cib_2_HQ114281	cib_3_AY258503	cib_4_AY913944	cib_5_X01009	cib_6_MG764547
cluster_209	usp_1_AB056437	usp_2_AB056440	usp_3_AB056439	usp_4_AB056436	usp_5_AB056435	usp_6_FQSQ01000009
cluster_21	vat_1_X16664	vat_2_AY151282	vat_3_CU928161	vat_4_CP001969	vat_5_CP001671	vat_6_CU651637	vat_7_AE014075
cluster_22	gad_10_AE014073	gad_11_EF547385	gad_12_CP000036	gad_13_CU928160	gad_14_CP003297	gad_15_AP009240	gad_16_FN649414	gad_17_U00096	gad_18_EF547380	gad_19_EF547383	gad_20_AP010953	gad_21_CU928163	gad_22_CP000970	gad_23_CP000970	gad_24_CP003034	gad_25_CP000802	gad_26_CP004009	gad_27_U00096	gad_28_CP001665	gad_29_CP000946	gad_30_CP003301	gad_31_CP002967	gad_32_EF551357	gad_33_EF551358	gad_34_AP009240	gad_35_EF551359	gad_36_EF551360	gad_37_AP010958	gad_38_CP003289	gad_39_CP003297	gad_3_EF547388	gad_40_CP001063	gad_41_CP002185	gad_42_AP010953	gad_43_CP000034	gad_44_BA000007	gad_45_EF551355	gad_46_CU928163	gad_47_FN554766	gad_48_FN649414	gad_49_CP000038	gad_4_CP001925	gad_50_AE005674	gad_51_CP000266	gad_52_CP003034	gad_53_CP001855	gad_54_CP001969	gad_55_CP002167	gad_56_CP000247	gad_57_AP009378	gad_58_CU928162	gad_59_EF547386	gad_5_CP001846	gad_60_CP001671	gad_61_FM180568	gad_62_EF547387	gad_63_CP001855	gad_64_AP009378	gad_65_CU928162	gad_66_CP002167	gad_67_CP001671	gad_68_CP000247	gad_69_FM180568	gad_6_BA000007	gad_70_EF551351	gad_7_EF547382	gad_8_CP000266	gad_9_AE005674
cluster_23	gad_1_CU928158
cluster_24	gad_2_CU928158
cluster_25	etsC_10_UGAS01000003	etsC_11_UGFJ01000001	etsC_13_UGCH01000001	etsC_14_UDCR01000027	etsC_15_UINT01000006	etsC_17_UDFO01000014	etsC_18_UGCO01000002	etsC_1_DQ381420	etsC_2_UDAB01000036	etsC_3_UGEW01000001	etsC_5_UINR01000022	etsC_7_UCZO01000007	etsC_8_UGFD01000003	etsC_9_UGDB01000001
cluster_26	etsC_16_UINV01000049	etsC_4_UCZB01000024	etsC_6_UCZA01000051
cluster_27	nleA_11_FM180568	nleA_12_AM422003	nleA_13_AP010960	nleA_14_AM422007	nleA_17_AM421999	nleA_7_CP001164	nleA_8_AE005174
cluster_28	nleA_10_AM422005	nleA_15_CP003111	nleA_16_GQ845116	nleA_18_AM421997	nleA_9_JN159731
cluster_29	kpsE_16_AF007777	kpsE_3_AF126952
cluster_3	tir_16_AY944737	tir_17_AB355659
cluster_30	stx2A_100_AJ567995_b	stx2A_101_L11078_b	stx2A_102_X65949_b	stx2A_103_AJ313015_b	stx2A_104_AF043627_b	stx2A_105_AB012102_b	stx2A_106_AB048224_b	stx2A_107_AB048238_b	stx2A_108_AB048222_b	stx2A_109_AB048226_b	stx2A_10_X81417_e	stx2A_110_AB048229_b	stx2A_111_AB048223_b	stx2A_112_AB048225_b	stx2A_113_GU126552	stx2A_114_AJ567997_b	stx2A_11_AY368993_e	stx2A_12_X81415_e	stx2A_13_X81416_e	stx2A_14_AB252836_e	stx2A_15_FN182286_e	stx2A_16_FM998846_e	stx2A_17_FM998838_e	stx2A_18_AJ313016_e	stx2A_19_AM937001_e	stx2A_20_KC339670	stx2A_21_FN252457	stx2A_22_GQ919289_g	stx2A_23_AY286000_g	stx2A_24_GQ995452_g	stx2A_25_AB048227_g	stx2A_26_GU228505_g	stx2A_27_AJ966783_g	stx2A_28_AB048236_g	stx2A_29_AY443043_c	stx2A_30_AB741082_c	stx2A_31_DQ059012_d	stx2A_32_EF441605_d	stx2A_33_AF500189_d	stx2A_34_EF584538_d	stx2A_35_AF479828_d	stx2A_36_AY443047_d	stx2A_37_AY443049_c	stx2A_38_FM998860_c	stx2A_39_AY443045_c	stx2A_3_AM904726_e	stx2A_40_AF500191_d	stx2A_41_JX206445	stx2A_42_AY443054_a	stx2A_43_AF500192_d	stx2A_44_AF329817_d	stx2A_45_DQ235775_d	stx2A_46_EF441603_c	stx2A_47_JN193428	stx2A_48_X67514_d	stx2A_49_X61283_d	stx2A_4_AY332411_e	stx2A_50_AF479829_d	stx2A_51_EU816442_d	stx2A_52_Z50754_a	stx2A_53_FM998854_a	stx2A_54_AY443057_a	stx2A_55_FR850031	stx2A_56_FM998840_d	stx2A_57_JN193431	stx2A_58_AY633460_d	stx2A_59_EF441619_a	stx2A_5_X81418_e	stx2A_60_AY633459_a	stx2A_61_EF441621_d	stx2A_62_AY633457_d	stx2A_63_AF500190_d	stx2A_64_AY095209_d	stx2A_65_AY633471_a	stx2A_66_JQ011318	stx2A_67_EF441604_c	stx2A_68_AF461173_a	stx2A_69_CP003297	stx2A_6_U72191_e	stx2A_70_AY143336_a	stx2A_71_DQ344636_a	stx2A_72_AB048835_a	stx2A_73_JQ411011	stx2A_74_AY633472_a	stx2A_75_AB048837_a	stx2A_76_FM998859_a	stx2A_77_FR874040	stx2A_78_AJ272135_a	stx2A_79_AF525040_a	stx2A_7_FM998844_e	stx2A_80_FM998861_a	stx2A_81_FM998842_a	stx2A_82_Z37725_a	stx2A_83_FM998839_a	stx2A_84_AY633470_c	stx2A_85_GQ429162_a	stx2A_86_FM998852_a	stx2A_87_AY443052_a	stx2A_88_GQ429163_a	stx2A_89_EF441622_a	stx2A_8_GU945539_e	stx2A_90_FM998851_a	stx2A_91_GQ429168_a	stx2A_92_EF441618_a	stx2A_93_GQ429170_a	stx2A_94_L11079_c	stx2A_95_AY443044_c	stx2A_96_AM982821_c	stx2A_97_AB015057_c	stx2A_98_FR851897_c	stx2A_99_EF441616_b	stx2A_9_FM998849_e	stx2B_10_EF441604_c	stx2B_11_FM998840_d	stx2B_12_EU086525_c	stx2B_13_AF461167_c	stx2B_14_L11079_c	stx2B_15_AB071845_c	stx2B_16_AM904726_e	stx2B_17_AY633472_a	stx2B_18_EF441618_a	stx2B_19_EF441613_a	stx2B_1_FN252458	stx2B_20_JN193428	stx2B_21_AB028900_a	stx2B_22_AB028904_a	stx2B_23_AF461171_a	stx2B_24_AF461173_a	stx2B_25_EF441599_a	stx2B_26_EF441609_a	stx2B_27_AE005174_a	stx2B_28_AY443054_a	stx2B_29_FM998839_a	stx2B_2_EF584538_d	stx2B_30_GQ429163_a	stx2B_31_AB028899_a	stx2B_32_FM998856_a	stx2B_33_AJ271063_c	stx2B_34_AJ272135_a	stx2B_35_AF525040_a	stx2B_36_DQ059012_d	stx2B_37_AF500187_d	stx2B_38_AF500188_d	stx2B_39_FN182287_d	stx2B_3_JX206445	stx2B_4_AY633457_d	stx2B_5_JN193431	stx2B_6_AY633460_d	stx2B_7_AF479829_d	stx2B_8_AY443045_c	stx2B_9_JN193429	stx2_100_AY286000_100	stx2_101_AB048236_101	stx2_102_AJ966783_102	stx2_106_X81418_106	stx2_107_AJ313016_107	stx2_108_FM998844_108	stx2_109_U72191_109	stx2_10_Z37725_10	stx2_110_M21534_110	stx2_111_X81417_111	stx2_112_X81415_112	stx2_113_X81416_113	stx2_114_FN182286_114	stx2_115_FM998846_115	stx2_116_AY368993_116	stx2_117_AM939642_117	stx2_118_FM998838_118	stx2_119_AY332411_119	stx2_11_FM998842_11	stx2_120_AJ567998_120	stx2_121_AJ249351_121	stx2_12_Z50754_12	stx2_13_AY443052_13	stx2_14_AJ272135_14	stx2_15_AF524944_15	stx2_16_FM998856_16	stx2_17_FM998858_17	stx2_18_EF441619_18	stx2_19_AY633459_19	stx2_1_FM998851_1	stx2_20_GQ429170_20	stx2_21_AF461171_21	stx2_22_AY443057_22	stx2_23_AF461173_23	stx2_24_AB030484_24	stx2_25_AY633472_25	stx2_26_EF441613_26	stx2_27_AY633471_27	stx2_28_DQ344636_28	stx2_29_EF441609_29	stx2_2_AY443054_2	stx2_30_EF441599_30	stx2_31_X07865_31	stx2_32_EF441618_32	stx2_33_EF441604_33	stx2_34_AY443044_34	stx2_35_L11079_35	stx2_36_M59432_36	stx2_37_FM177471_37	stx2_38_AF500189_38	stx2_39_AY443043_39	stx2_3_GQ429162_3	stx2_40_EU086525_40	stx2_41_AM982821_41	stx2_42_AY633464_42	stx2_43_AY633473_43	stx2_44_AY633453_44	stx2_45_AY633467_45	stx2_46_AY633469_46	stx2_47_AY739671_47	stx2_48_DQ235774_48	stx2_49_AB071845_49	stx2_4_FM998852_4	stx2_50_AF461167_50	stx2_51_AF291819_51	stx2_52_AB015057_52	stx2_53_AY443045_53	stx2_54_AY633470_54	stx2_55_AY443049_55	stx2_56_FM998860_56	stx2_57_AY443047_57	stx2_58_AF479828_58	stx2_59_GQ429172_59	stx2_5_GQ429163_5	stx2_60_AY633457_60	stx2_61_AY633458_61	stx2_62_AY443048_62	stx2_63_FM998848_63	stx2_64_AF500191_64	stx2_65_EF441621_65	stx2_66_FM99884_66	stx2_67_AF500190_67	stx2_68_DQ235775_68	stx2_69_AF479829_69	stx2_6_GQ429168_6	stx2_70_AY739671_70	stx2_71_EU816447_71	stx2_72_X61283_72	stx2_73_EF441605_73	stx2_74_EF584538_74	stx2_75_AF329817_75	stx2_76_AF500192_76	stx2_77_AY095209_77	stx2_78_DQ059012_78	stx2_79_SNS_79	stx2_7_FM998854_7	stx2_80_FN182287_80	stx2_81_FM998855_81	stx2_82_AB012102_82	stx2_83_AB048228_83	stx2_84_AB048238_84	stx2_85_AB048224_85	stx2_86_AB048223_86	stx2_87_AB048229_87	stx2_88_AB012101_88	stx2_89_AB048226_89	stx2_8_FM998861_8	stx2_90_AB048225_90	stx2_91_AJ313015_91	stx2_92_AF043627_92	stx2_93_AJ567997_93	stx2_94_EF441616_94	stx2_95_AJ567995_95	stx2_96_L11078_96	stx2_97_X65949_97	stx2_98_AM904726_98	stx2_99_AB048227_99	stx2_9_FM998839_9
cluster_31	pic_1_AE014075	pic_2_CP003289	pic_3_U35656	pic_4_AF097644	pic_5_CU928145	pic_6_FN554766
cluster_32	stx2A_1_AB472687_f	stx2A_2_AB232172_f	stx2B_40_AB232172_f	stx2B_41_AB472687_f	stx2B_42_AB252836_e	stx2_103_AB472687_103	stx2_104_AJ010730_104	stx2_105_M29153_105
cluster_33	nleA_1_AM421996	nleA_2_JN159726	nleA_3_AB303062	nleA_4_AM421995
cluster_34	nleA_5_JN159732	nleA_6_AM422006
cluster_35	aatA_1_AB255435	aatA_2_AFRH01000026	aatA_3_FN554767	aatA_4_CU928159
cluster_36	stx1A_10_AB071619_c	stx1A_11_AM230663_a	stx1A_12_AM230662_a	stx1A_13_JQ327854	stx1A_14_JX206444	stx1A_15_AF461168_a	stx1A_16_JQ327853	stx1A_17_AB083043_a	stx1A_18_EF079675_a	stx1A_1_AB050958_d	stx1A_2_AB050959_d	stx1A_3_AY170851_d	stx1A_4_AY986982_d	stx1A_5_AB071621_c	stx1A_6_AB048235_c	stx1A_7_AB048237_c	stx1A_8_GQ429160	stx1A_9_AJ314838_c	stx1B_10_AY135685_c	stx1B_11_AB071620_c	stx1B_12_AB050958_d	stx1B_13_Z36899_a	stx1B_14_AM230663_a	stx1B_1_AY986981_d	stx1B_2_AY170851_d	stx1B_3_AB083044_a	stx1B_4_AB048237_c	stx1B_5_GQ429160	stx1B_6_AB048235_c	stx1B_7_DQ449666_c	stx1B_8_AB071622_c	stx1B_9_AB071624_c	stx1_10_AJ279086_10	stx1_11_Z36899_11	stx1_12_AF461168_12	stx1_13_M19473_13	stx1_14_AB048232_14	stx1_15_AB071620_15	stx1_16_AB048237_16	stx1_17_AB071622_17	stx1_18_AB071624_18	stx1_19_DQ449666_19	stx1_1_M24352_1	stx1_20_Z36901_20	stx1_21_AB050958_21	stx1_22_AB050959_22	stx1_23_AY986980_23	stx1_24_AY170851_24	stx1_3_M19437_3	stx1_4_L04539_4	stx1_5_Z36900_5	stx1_6_AB083044_6	stx1_7_AB035142_7	stx1_8_AM230663_8	stx1_9_AM230662_9
cluster_37	kpsE_21_MG736913
cluster_38	eatA_1_CP000799	eatA_2_CR942285	eatA_3_AY163491
cluster_39	senB_1_CP001062	senB_2_FJ876827	senB_3_CP000038
cluster_4	tir_15_AB288104
cluster_40	sepA_1_Z48219	sepA_2_AY604009	sepA_3_AF348706	sepA_4_CP001384	sepA_5_AF386526	sepA_6_CP003299	sepA_7_AB255435
cluster_41	kpsE_10_FN554766	kpsE_11_CU928162	kpsE_12_CP003034	kpsE_13_CP000243	kpsE_14_CP000970	kpsE_15_AE014075	kpsE_17_AAMK02000004	kpsE_18_AAJU02000009	kpsE_19_AJ617685	kpsE_1_X74567	kpsE_20_MG739438	kpsE_2_CU928164	kpsE_4_FBVS01000076	kpsE_5_CP000468	kpsE_6_AELA02000001	kpsE_7_CP006632	kpsE_8_CP011134	kpsE_9_AM946981
cluster_42	hlyF_21_UDAB01000036	hlyF_6_AF155222
cluster_43	hlyF_9_UINJ01000014
cluster_44	capU_1_CP001062	capU_2_CP003034	capU_3_CP002729	capU_4_CP000795	capU_5_CU928145	capU_6_FN822745	capU_7_FN554767	capU_8_AB255435
cluster_45	espI_1_AJ278144	espI_2_AP010958
cluster_46	subA_1_FJ664545	subA_2_AF399919	subA_3_JQ994271	subA_4_JN638552	subA_5_AY258503
cluster_47	terC_11_AJ238043	terC_12_UINX01000003	terC_13_UGDL01000003	terC_14_AP018802	terC_15_UINO01000028	terC_16_UDCJ01000007	terC_1_KU341381	terC_20_UGER01000002	terC_21_UDGX01000002	terC_22_UGBN01000001	terC_24_UDIE01000025	terC_25_UGBV01000003	terC_2_HG530658	terC_3_KX276657	terC_4_KR653209	terC_6_CYEF01000040	terC_7_CYAS01000072	terC_8_CP006262	terC_9_AE005174
cluster_48	terC_17_UGAE01000003	terC_18_UDHA01000026	terC_19_UDGH01000006
cluster_49	f17G_1_AF055312	f17G_2_L43374	f17G_3_L33969	f17G_4_AF022140	f17G_5_CP001162	f17G_6_L77091	f17G_7_L14319	f17G_8_AF055311	f17G_9_AF055310
cluster_5	eilA_1_FN554766	eilA_2_CP003034	eilA_3_CP000970
cluster_50	ORF3_1_FN554767	ORF3_2_HE610901	ORF3_3_CU928159
cluster_51	ipaD_1_X60777	ipaD_2_CP000039	ipaD_3_AF348706	ipaD_4_AF386526	ipaD_5_CP001384	ipaD_6_CP000035	ipaD_7_GQ201921	ipaD_8_AY206439	ipaD_9_CP001062
cluster_52	nleC_1_AY485823	nleC_2_FN543502	nleC_3_AP010953	nleC_4_AE005174	nleC_5_AP010960	nleC_6_AP010960
cluster_53	nleB_10_AP010960	nleB_11_AF453441	nleB_12_FM201463	nleB_13_AE005174	nleB_14_AP010958	nleB_7_FM986650	nleB_8_AB426063	nleB_9_FM986651
cluster_54	air_2_CU928163
cluster_55	epeA_1_AY258503
cluster_56	nleB_5_AY747106	nleB_6_FN543502
cluster_57	nleB_1_CP001846
cluster_58	nleB_2_AB303062	nleB_3_AE005174	nleB_4_AB426056
cluster_59	espC_1_AF297061	espC_2_U69128	espC_3_FM180568
cluster_6	tir_18_EU871626	tir_20_AF070067	tir_21_AF125993	tir_22_EU871628	tir_23_HM581522	tir_24_CP003109	tir_25_DQ007019	tir_26_AE005174
cluster_60	terC_23_MG591698
cluster_61	ompT_147_UGCI01000003
cluster_62	ompT_165_MG692627	ompT_240_LT985319
cluster_63	ompT_8_CDLB01000100
cluster_64	espB_10_X99670	espB_11_Y13859	espB_12_ECU65681	espB_13_AF054421	espB_14_AP010953	espB_7_AP010958	espB_8_AJ303141	espB_9_AB426060
cluster_65	etsC_12_KU664810
cluster_66	espB_1_EU871627	espB_2_EU871628	espB_3_AF071034	espB_4_X96953	espB_5_CP001846	espB_6_AE005174
cluster_67	tcpC_1_GQ902994	tcpC_2_GQ903008	tcpC_3_GQ903014
cluster_68	espF_1_AF311901
cluster_69	fedF_1_AY970782	fedF_2_AY970797	fedF_3_DQ914286	fedF_4_DQ995282	fedF_5_AY970783	fedF_6_AY970808
cluster_7	ccI_1_AF190857	ccI_2_X04466	ccI_3_JF828150	ccI_4_DQ298019
cluster_70	hlyE_1_AF052225
cluster_71	espP_1_HM138194	espP_2_AY258503	espP_3_GQ259888	espP_4_AB011549
cluster_72	espF_2_AF116900	espF_3_AP010958	espF_4_AJ303141
cluster_73	afaE_24_M27725
cluster_74	K88ab_10_AJ616236	K88ab_1_CP002968	K88ab_2_M29376	K88ab_3_M29374	K88ab_4_U19784	K88ab_5_AJ616256	K88ab_6_CP002730	K88ab_7_AJ616239	K88ab_8_EU570252	K88ab_9_M25302
cluster_75	cif_1_AY128537	cif_2_AY128535	cif_3_AF497476	cif_4_AB426049
cluster_76	pet_1_AF056581
cluster_77	afaE_27_X85782
cluster_78	fim41a_1_X14354	fim41a_2_M21788
cluster_79	perA_10_EF011045	perA_11_AF254667	perA_12_AF295088	perA_13_AB024946	perA_14_EF011049	perA_15_AF305565	perA_16_AB523696	perA_17_EF011053	perA_18_AB523694	perA_19_AB523691	perA_1_EF011059	perA_2_EF011041	perA_3_AF255772	perA_4_AF255769	perA_5_AF307342	perA_6_EF011042	perA_7_AB523688	perA_8_EF011044	perA_9_AF255768
cluster_8	tir_19_EU871627	tir_27_CP001846
cluster_80	cma_10_FJ664756	cma_11_FJ664758	cma_12_FJ664752	cma_13_FJ664733	cma_14_FJ664726	cma_15_FJ664729	cma_16_FJ664720	cma_17_FJ664744	cma_18_FJ664718	cma_19_FJ664773	cma_1_FJ664772	cma_2_FJ664741	cma_3_FJ664746	cma_4_FJ664725	cma_5_FJ664737	cma_6_FJ664745	cma_7_FJ664734	cma_8_FJ664724	cma_9_CP000971
cluster_81	cdtB_10_AB583185	cdtB_11_AY696755	cdtB_12_AY696753	cdtB_8_JF297618	cdtB_9_AB583184
cluster_82	cdtB_13_U04208	cdtB_14_AB472834
cluster_83	sat_1_CP003034	sat_2_AJ586888	sat_3_CP001671	sat_4_JX050263	sat_5_CU928163	sat_6_AE014075
cluster_84	cdtB_1_AJ508930	cdtB_2_AB472840	cdtB_3_AY365042	cdtB_4_AY365045	cdtB_5_AB472839	cdtB_6_KC618326	cdtB_7_AY365044
cluster_85	ltcA_10_EU113243	ltcA_11_EU113244	ltcA_12_EU113242	ltcA_13_EU113251	ltcA_14_JX504011	ltcA_15_EU113248	ltcA_16_CP000795	ltcA_17_AP010910	ltcA_1_V00275	ltcA_2_EU113250	ltcA_3_EU113255	ltcA_4_EU113253	ltcA_5_EU113246	ltcA_6_EU113254	ltcA_7_EU113249	ltcA_8_EU113247	ltcA_9_EU113252
cluster_86	virF_1_AF348706	virF_2_CP000037	virF_3_CP001062
cluster_87	afaB_1_KR338832	afaB_2_KR338833	nfaE_1_S61968	nfaE_2_FM955462	nfaE_3_FM955460	nfaE_4_AF325672	nfaE_5_X76688
cluster_88	aggR_1_DIJ1	aggR_2_FN554767	aggR_3_afrh01000026	aggR_4_z18751	aggR_5_55989
cluster_89	sigA_1_CP000038	sigA_2_AE005674
cluster_9	tir_10_FM986651	tir_11_FM986652	tir_12_DQ206455	tir_13_AF022236	tir_14_AF013122	tir_5_AF025311	tir_6_DQ007024	tir_7_DQ007023	tir_8_AB036053	tir_9_AJ633129
cluster_90	hra_1_CP006636	hra_2_CP043942	hra_3_CP041304	hra_4_CP028310	hra_5_U07174	hra_8_CP007149	hra_9_CP040456
cluster_91	espF_6_FM986651	espF_7_AP010960	espF_8_AF041809
cluster_92	rpeA_1_AY552473
cluster_93	kpsM_2_UGBH01000002
cluster_94	afaB_3_GQ497943	afaB_6_GQ497943
cluster_95	espF_10_AE005174	espF_11_CP001846	espF_12_FM180568	espF_13_AF022236
cluster_96	aggD_1_U12894	aggD_2_AFRH01000026
cluster_97	agg3D_1_CU928159
cluster_98	aafD_1_FN554767
cluster_99	yfcV_13_UGFJ01000003	yfcV_18_UFZG01000001	yfcV_19_UFZI01000001	yfcV_22_UFZN01000001	yfcV_23_UFZT01000001	yfcV_26_UGAO01000001	yfcV_29_UGBC01000003	yfcV_31_UGCR01000001	yfcV_37_UGFD01000001	yfcV_3_AP018784	yfcV_40_UEYM01000020	yfcV_42_UCTZ01000001	yfcV_81_CU928162	yfcV_82_CP000468
codY_1_NC	codY_1_NC.003210.1
ctaP_1_NC	ctaP_1_NC.003210.1
ctsR_1_NC	ctsR_1_NC.003210.1
cvaC_-	cvaC_1_KU749298	cvaC_2_NC.011964	cvaC_3_NC.020271	cvaC_4_X57525	cvaC_5_CYAT01000062	cvaC_6_AF062845	cvaC_8_UEJU01000048	cvaC_9_QOOR01000080
cylA_-	cylA_1_AD1CLYL	cylA_2_AY032999.1	cylA_3_AF329367.1
cylB_2_AY032999+	cylB_1_AD1CLYL	cylB_2_AY032999.1
cylL_1_AY032999	cylL_1_AY032999.1
cylM_-	cylM_1_AD1CLYL	cylM_2_AY032999.1	cylM_3_AE016830.1
dal_1_NC	dal_1_NC.003210.1
degU_1_NC	degU_1_NC.003210.1
dltA_1_NC	dltA_1_NC.003210.1
ebp-	ebpB_1_AE016830.1	ebpB_2_CP002491.1	ebpB_3_295112306	ebpB_4_CP002621.1	ebpB_5_CP003726.1	ebpC_1_AE016830.1	ebpC_4_CP002621.1
ebpA_-	ebpA_1_AE016830.1	ebpA_2_CP002491.1	ebpA_3_295112306	ebpA_4_CP002621.1	ebpA_5_CP003726.1
ebpC_2_CP002491+	ebpC_2_CP002491.1	ebpC_3_295112306
edinA_-	edinA_1_M63917.1	edinA_2_GQ900399.1
edinB_-	edinB_1_KC609427.1	edinB_2_AJ277173.1_partial
edinC_1_AP003088	edinC_1_AP003088.1
efaAfm_1_AF042288	efaAfm_1_AF042288.1
efaAfs_-	efaAfs_1_EFU03756	efaAfs_2_AE016830.1	efaAfs_3_CP002491.1	efaAfs_4_CP003726.1	efaAfs_5_CP002621.1	efaAfs_6_FP929058.1
espfm_1_CP003351	espfm_1_CP003351.1
espfs_-	espfs_2_AF034779.1	espfs_3_AY032999.1	espfs_4_AF454824.1	espfs_5_AF329367.1
eta_-	eta_1_AP008953.1	eta_2_KP893290.1	eta_3_L25372.1	eta_4_KP893289.1
etb_-	etb_1_M17348.1	etb_2_AP012467.1
fbpA_1_NC	fbpA_1_NC.003210.1
fri_1_NC	fri_1_NC.003210.1
fsrB_-	fsrB_1_JN246675.1	fsrB_2_CP002621.1	fsrB_3_AE016830.1	fsrB_4_FJ858146.1	fsrB_5_CP003726.1
fur_1_NC	fur_1_NC.003210.1
fyuA_-	fyuA_10_CYEN01000018	fyuA_11_CYAZ01000026	fyuA_12_CAY233333	fyuA_13_CYAS01000050	fyuA_14_CXZC01000008	fyuA_15_CYGJ01000014	fyuA_16_ADTP01000030	fyuA_17_CYGK01000001	fyuA_18_CYDI01000008	fyuA_19_CXZL01000049	fyuA_1_CU928163	fyuA_20_CYBJ01000027	fyuA_21_CYBE01000010	fyuA_22_CYAI01000021	fyuA_23_CYCV01000020	fyuA_24_CXZM01000022	fyuA_25_AEZY02000025	fyuA_26_ADUG01000091	fyuA_27_ADTO01000058	fyuA_28_ADUC01000360	fyuA_29_ADUA01000040	fyuA_2_CP003034	fyuA_30_ADTW01000224	fyuA_31_ADTM01000150	fyuA_32_FN554766	fyuA_33_CU928162	fyuA_34_AHAU01000040	fyuA_35_CP000243	fyuA_36_ACGN01000094	fyuA_37_AHAW01000033	fyuA_38_AFAI02000036	fyuA_39_Z35106	fyuA_3_HG941718	fyuA_40_Z35105	fyuA_41_Z38065	fyuA_42_Z38064	fyuA_43_UDIT01000001	fyuA_44_NZ.UGAG01000001	fyuA_45_UCUL01000008	fyuA_46_NZ.UFYL01000003	fyuA_47_NZ.QWOC01000169	fyuA_48_UCUN01000001	fyuA_49_OEDS01000108	fyuA_4_AHAX01000032	fyuA_50_NZ.UGDN01000003	fyuA_51_UGFD01000001	fyuA_52_UDAL01000001	fyuA_53_UGFS01000002	fyuA_54_UFZO01000005	fyuA_55_UGEH01000001	fyuA_56_UCXY01000004	fyuA_57_UFZT01000001	fyuA_58_NZ.UGGC01000005	fyuA_59_NZ.UILP01000009	fyuA_5_LORD01000044	fyuA_60_UEKQ01000004	fyuA_61_UCWS01000004	fyuA_62_UGCQ01000002	fyuA_63_UCYP01000001	fyuA_64_UFZV01000003	fyuA_65_UGDJ01000004	fyuA_66_NZ.QOOQ01000067	fyuA_67_UCTZ01000014	fyuA_68_FLWH01000002	fyuA_69_UCUD01000022	fyuA_6_CP000468	fyuA_70_UARZ01000018	fyuA_71_UCZF01000015	fyuA_72_UINQ01000006	fyuA_73_NZ.QLJZ01000027	fyuA_74_UGDS01000001	fyuA_75_UGBN01000001	fyuA_76_UEYM01000018	fyuA_77_UGBD01000002	fyuA_78_UGCB01000003	fyuA_79_NZ.UGEC01000002	fyuA_7_ADTR01000532	fyuA_80_UGDX01000002	fyuA_81_AP017610	fyuA_82_NZ.UIHN01000050	fyuA_83_CP027134	fyuA_84_OEEX01000169	fyuA_85_UINR01000017	fyuA_86_UFZN01000001	fyuA_87_UGCD01000002	fyuA_88_NZ.QNSX01000328	fyuA_89_QONB01000025	fyuA_8_CYDO01000022	fyuA_90_QOOE01000009	fyuA_91_NZ.UGDH01000001	fyuA_92_UGEJ01000002	fyuA_94_UGCW01000003	fyuA_95_UGDD01000002	fyuA_96_UGGK01000002	fyuA_97_UGFH01000002	fyuA_98_UGAI01000003	fyuA_9_CYEF01000031
gelE_-	gelE_1_355320029	gelE_2_CP002621.1	gelE_3_M37185.1	gelE_4_CP002491.1	gelE_5_EF105504.1	gelE_6_AE016830.1	gelE_7_CP003726.1	gelE_8_FP929058.1
gtcA_1_NC	gtcA_1_NC.003210.1
hfq_1_NC	hfq_1_NC.003210.1
hlgA_-	hlgA_10_AJ938182.1	hlgA_11_CP009554.1	hlgA_12_CP010952.1	hlgA_13_CP006044.1	hlgA_14_CP001996.1	hlgA_15_BX571856.1	hlgA_16_CP010940.1	hlgA_17_CP003808.1	hlgA_18_CP002114.2	hlgA_19_CP010941.1	hlgA_1_BA000018.3	hlgA_20_CP010943.1	hlgA_21_CP010295.1	hlgA_22_LN626917.1	hlgA_23_CP006706.1	hlgA_2_CP001781.1	hlgA_3_AP014942.1	hlgA_4_CP010402.1	hlgA_5_AP014653.1	hlgA_6_CP010944.1	hlgA_7_CP006630.1	hlgA_8_CP011528.1	hlgA_9_FR821779.1
hlgB_-	hlgB_10_CP011528.1	hlgB_11_BA000018.3	hlgB_12_AJ938182.1	hlgB_13_BA000017.4	hlgB_14_CP006706.1	hlgB_15_CP002114.2	hlgB_16_CP010941.1	hlgB_17_CP006630.1	hlgB_18_CP010940.1	hlgB_1_BX571856.1	hlgB_2_CP003808.1	hlgB_3_CP012756.1	hlgB_4_FR821779.1	hlgB_5_CP010952.1	hlgB_6_CP001996.1	hlgB_7_CP011526.1	hlgB_8_BA000033.2	hlgB_9_AP014942.1
hlgC_-	hlgC_10_FR821779.1	hlgC_11_AJ938182.1	hlgC_12_CP003604.1	hlgC_13_CP006630.1	hlgC_14_CP009554.1	hlgC_15_AM990992.1	hlgC_16_CP006706.1	hlgC_17_HE681097.1	hlgC_18_CP006044.1	hlgC_19_CP003808.1	hlgC_1_BA000018.3	hlgC_20_CP007539.1	hlgC_2_HE579073.1	hlgC_3_AP014653.1	hlgC_4_CP010526.1	hlgC_5_AP014942.1	hlgC_6_BA000033.2	hlgC_7_BX571857.1	hlgC_8_CP001996.1	hlgC_9_CP003194.1
hlyF_-	hlyF_10_UCZM01000035	hlyF_11_UDAJ01000042	hlyF_12_UGFJ01000001	hlyF_13_UCYO01000044	hlyF_14_LT985293	hlyF_15_UDEG01000036	hlyF_16_UCUV01000011	hlyF_17_UDHM01000050	hlyF_18_UGCH01000001	hlyF_19_UGDB01000001	hlyF_1_NC.004998	hlyF_20_UDDK01000037	hlyF_2_NC.011964	hlyF_3_NC.023327	hlyF_4_CP006635	hlyF_5_CXZG01000053	hlyF_7_UCZO01000007	hlyF_8_UCZJ01000024
hly_1_NC	hly_1_NC.003210.1
htrA_1_NC	htrA_1_NC.003210.1
hupC_1_NC	hupC_1_NC.003210.1
hylA_-	hylA_1_AE016830.1	hylA_2_CP002621.1	hylA_3_CP002491.1	hylA_4_CP003726.1
hylB_-	hylB_1_AE016830.1	hylB_2_295112306	hylB_3_CP002621.1	hylB_4_CP003726.1
hylEfm_-	hylEfm_1_HM043744.1	hylEfm_2_HM565216.1
iap_1_NC	iap_1_NC.003210.1
ibeA_-	ibeA_10_UGAO01000001	ibeA_11_NZ.JZNV01000160	ibeA_12_NZ.JZOJ01000044	ibeA_13_NZ.NLZB01000037	ibeA_14_NZ.BGTI01000007	ibeA_15_NZ.NOEW01000013	ibeA_16_NZ.NOQP01000005	ibeA_17_NZ.NKUZ01000010	ibeA_18_NZ.NOSQ01000011	ibeA_19_NZ.NOAS01000005	ibeA_1_CXZC01000002	ibeA_20_NZ.QONF01000076	ibeA_21_NZ.QSVM01000032	ibeA_22_UFXW01000004	ibeA_23_NZ.NNWN01000025	ibeA_24_NZ.UEMJ01000003	ibeA_25_NZ.JZML01000002	ibeA_26_QLNJ01000052	ibeA_27_CP027104	ibeA_28_NZ.NOTQ01000005	ibeA_29_NZ.UILP01000001	ibeA_2_ADUA01000198	ibeA_30_UGEM01000004	ibeA_31_NZ.BGQG01000002	ibeA_32_NZ.NMDR01000002	ibeA_33_NZ.NOPG01000002	ibeA_34_NZ.NMIG01000030	ibeA_35_NZ.CP027447	ibeA_36_NZ.UEMK01000023	ibeA_37_NZ.PXVW01000042	ibeA_38_NZ.JZNJ01000038	ibeA_39_NZ.NMOB01000004	ibeA_3_CXZI01000015	ibeA_40_UGCV01000008	ibeA_41_UCUV01000003	ibeA_42_NZ.NBKL01000056	ibeA_43_NZ.NJSF01000001	ibeA_44_NZ.QGMN01000040	ibeA_45_NZ.NLWJ01000009	ibeA_46_NZ.NLWG01000009	ibeA_47_NZ.JZQF01000120	ibeA_48_NZ.NBKS01000132	ibeA_49_NZ.NLSO01000005	ibeA_4_CP000970	ibeA_50_NZ.NTOR01000007	ibeA_51_NZ.CP014111	ibeA_52_UCVY01000004	ibeA_53_NZ.JZMC01000004	ibeA_54_NZ.JZNB01000029	ibeA_55_NZ.NJVU01000005	ibeA_56_NZ.NMDS01000021	ibeA_57_NZ.JZNG01000024	ibeA_58_NZ.NLIF01000001	ibeA_59_NZ.JZND01000011	ibeA_5_AY248744	ibeA_60_NZ.CP027103	ibeA_61_NZ.NLUU01000013	ibeA_62_QODR01000001	ibeA_63_NZ.UEMM01000002	ibeA_64_NZ.JZNA01000004	ibeA_65_NZ.NOGN01000020	ibeA_66_NZ.QHLG01000005	ibeA_6_AJ829704	ibeA_7_NZ.PGGZ01000008	ibeA_8_NZ.NMGP01000018	ibeA_9_NZ.PYRB01000002
inlA_1_NC	inlA_1_NC.003210.1
inlB_1_NC	inlB_1_NC.003210.1
inlC_1_NC	inlC_1_NC.003210.1
inlF_1_NC	inlF_1_NC.003210.1
inlH_1_NC	inlH_1_NC.003210.1
inlJ_1_NC	inlJ_1_NC.003210.1
inlk_1_NC	inlk_1_NC.003210.1
ipaH9	ipaH9.8_1_CP000034	ipaH9.8_2_CP000036	ipaH9.8_3_CP000038	ipaH9.8_4_HE616528	ipaH9.8_5_CP000266	ipaH9.8_6_AE005674	ipaH9.8_7_CP001383	ipaH9.8_8_CP001063
irp2_-	irp2_100_NZ.NNWT01000053	irp2_101_NZ.PVPN01000032	irp2_102_NZ.NOUC01000006	irp2_103_NZ.CP027313	irp2_104_NZ.NRXV01000002	irp2_105_NZ.QLNJ01000136	irp2_106_NZ.NBKP01000092	irp2_107_NZ.PYRA01000005	irp2_108_NZ.NOPM01000014	irp2_109_NZ.PYQR01000002	irp2_10_NZ.NLZN01000026	irp2_110_NZ.UIHG01000014	irp2_111_NZ.UGBF01000004	irp2_112_NZ.NOST01000037	irp2_113_NZ.UDAL01000001	irp2_114_NZ.NOGN01000011	irp2_115_NZ.BDHN01000153	irp2_116_NZ.NMIO01000029	irp2_117_NZ.NHYQ01000001	irp2_118_NZ.NOBR01000026	irp2_119_NZ.UEMF01000007	irp2_11_NZ.NLYV01000040	irp2_120_NZ.NMMR01000039	irp2_121_NZ.NNUE01000023	irp2_122_NZ.NMNQ01000011	irp2_123_NZ.NLYT01000043	irp2_124_NZ.NNYI01000006	irp2_125_NZ.NMDL01000008	irp2_126_NZ.UGGC01000005	irp2_127_NZ.NLWG01000013	irp2_128_NZ.UIMY01000009	irp2_129_NZ.BGPX01000003	irp2_12_NZ.NMIG01000055	irp2_130_NZ.BGXW01000001	irp2_131_NZ.BGLD01000076	irp2_132_NZ.NOPC01000014	irp2_133_NZ.PUTK01000016	irp2_134_NZ.BGWN01000022	irp2_135_NZ.PXLH01000027	irp2_136_NZ.NMIV01000012	irp2_137_NZ.NLYR01000044	irp2_138_NZ.NNYT01000036	irp2_139_NZ.UINQ01000006	irp2_13_NZ.NMDW01000002	irp2_140_NZ.CP029164	irp2_141_NZ.QYZM01000035	irp2_142_NZ.NMEJ01000033	irp2_143_NZ.NMIM01000040	irp2_144_NZ.NNYK01000037	irp2_145_NZ.NNTN01000035	irp2_146_NZ.MVDJ01000001	irp2_147_NZ.BGYR01000007	irp2_148_NZ.NNZZ01000027	irp2_149_NZ.PZPQ01000026	irp2_14_QODS01000024	irp2_150_NZ.UNPM01000007	irp2_151_NZ.NMDR01000001	irp2_152_NZ.PGJN01000025	irp2_153_NZ.PQJF01000011	irp2_154_NZ.PUSL01000032	irp2_155_NZ.QSIC01000034	irp2_156_NZ.MOZP01000026	irp2_157_NZ.NOTM01000030	irp2_158_NZ.NLZB01000042	irp2_159_NZ.NMGU01000028	irp2_15_NZ.NLZK01000016	irp2_160_NZ.UDIT01000001	irp2_161_NZ.NMBW01000018	irp2_162_NZ.NOEE01000015	irp2_163_NZ.UEMT01000018	irp2_164_NZ.PQIU01000002	irp2_165_NZ.QETP01000033	irp2_166_NZ.NBCB01000098	irp2_167_NZ.PVPI01000029	irp2_168_NZ.BDHW01000182	irp2_169_NZ.NMIQ01000032	irp2_16_NZ.NLZU01000026	irp2_170_NZ.NOFA01000001	irp2_171_NZ.NTPC01000018	irp2_172_NZ.NOPK01000027	irp2_173_NZ.BGQB01000012	irp2_174_NZ.NRWF01000093	irp2_175_NZ.UGDG01000002	irp2_176_NZ.UIKR01000002	irp2_177_NZ.NHYR01000001	irp2_178_NZ.BGSD01000032	irp2_179_NZ.NNTS01000028	irp2_17_NZ.NBDN01000105	irp2_180_NZ.NORB01000027	irp2_181_NZ.NOGP01000028	irp2_182_NZ.NMGV01000001	irp2_183_NZ.UEMO01000028	irp2_184_QFSE01000039	irp2_185_NZ.UILA01000017	irp2_186_NZ.NOGR01000001	irp2_187_NZ.NMBJ01000031	irp2_188_QFSH01000110	irp2_189_NZ.NOTZ01000001	irp2_18_NZ.UIHY01000010	irp2_190_NZ.NOSF01000002	irp2_191_NZ.UIKF01000007	irp2_192_NZ.BGSX01000022	irp2_193_NZ.QWNC01000172	irp2_194_NZ.NNVJ01000001	irp2_195_NZ.UGDF01000003	irp2_196_NZ.NTOI01000049	irp2_197_NZ.NMAC01000002	irp2_198_NZ.NBDE01000104	irp2_199_NZ.NOCI01000029	irp2_19_NZ.NLVV01000027	irp2_1_LAUC01000121	irp2_200_NZ.NMBO01000009	irp2_201_QFSC01000077	irp2_202_NZ.NOUS01000001	irp2_203_NZ.NMIF01000048	irp2_204_NZ.NBCK01000028	irp2_205_NZ.NOFI01000001	irp2_206_NZ.NTOA01000022	irp2_207_NZ.UGDJ01000004	irp2_208_NZ.NNXW01000018	irp2_209_NZ.NNZF01000023	irp2_20_NZ.CP020116	irp2_210_NZ.NMNU01000010	irp2_211_NZ.NONQ01000029	irp2_212_NZ.NMIS01000044	irp2_213_NZ.NMCV01000036	irp2_214_NZ.UIJI01000014	irp2_215_NZ.BDIA01000042	irp2_216_NZ.NOAS01000001	irp2_217_NZ.NOBU01000009	irp2_218_NZ.NMBE01000050	irp2_219_NZ.UGFZ01000001	irp2_21_NZ.NOEB01000001	irp2_220_NZ.UEMQ01000041	irp2_221_NZ.CP029973	irp2_222_NZ.NOES01000003	irp2_223_NZ.MOKA01000081	irp2_224_NZ.MOYQ01000006	irp2_225_NZ.NMCT01000003	irp2_226_NZ.NLXV01000012	irp2_227_NZ.NOAO01000022	irp2_228_NZ.NMLX01000007	irp2_229_NZ.NMND01000002	irp2_22_NZ.NNTJ01000030	irp2_230_NZ.UDDU01000009	irp2_231_NZ.NONT01000022	irp2_232_NZ.PGIU01000028	irp2_233_NZ.NOGQ01000011	irp2_234_NZ.NNTV01000004	irp2_235_NZ.NOFG01000027	irp2_236_NZ.NBCQ01000024	irp2_237_NZ.NOOY01000026	irp2_238_NZ.NOUB01000015	irp2_239_NZ.NOFK01000002	irp2_23_NZ.QRHV01000003	irp2_240_NZ.QWNU01000299	irp2_241_QOEM01000039	irp2_242_NZ.NRZO01000068	irp2_243_NZ.NOQV01000023	irp2_244_NZ.UCUD01000022	irp2_245_NZ.UIMI01000010	irp2_246_NZ.NMMA01000020	irp2_247_NZ.NMKO01000032	irp2_248_NZ.PGKK01000006	irp2_249_NZ.UEMW01000001	irp2_24_NZ.NOMG01000043	irp2_250_NZ.NOAK01000003	irp2_251_NZ.PGKH01000032	irp2_252_NZ.UGDY01000003	irp2_253_NZ.NMFJ01000040	irp2_254_NZ.UEMU01000024	irp2_255_NZ.NRTC01000135	irp2_256_NZ.NOQN01000024	irp2_257_NZ.UGFP01000001	irp2_258_NZ.NMCY01000014	irp2_259_NZ.NBCS01000160	irp2_25_NZ.NMKL01000024	irp2_260_NZ.NMHH01000013	irp2_261_NZ.PDAM01000001	irp2_262_NZ.NNWN01000015	irp2_263_NZ.NRYB01000109	irp2_264_NZ.NNUZ01000025	irp2_265_NZ.QOGA01000012	irp2_266_NZ.NLYI01000033	irp2_267_NZ.UGEC01000002	irp2_268_NZ.NTOW01000002	irp2_269_NZ.UGCL01000001	irp2_26_NZ.NMEP01000001	irp2_270_NZ.POSX01000009	irp2_271_NZ.NOSZ01000040	irp2_272_NZ.NMAG01000027	irp2_273_NZ.QHMK01000034	irp2_274_NZ.NONX01000046	irp2_275_NZ.NLXL01000001	irp2_276_QODN01000001	irp2_277_NZ.PXVW01000053	irp2_278_NZ.NOMU01000001	irp2_279_NZ.NNXE01000001	irp2_27_NZ.NBKA01000086	irp2_280_NZ.FUVW01000035	irp2_281_NZ.BGTN01000002	irp2_282_NZ.NOSN01000022	irp2_283_NZ.PXVX01000010	irp2_284_NZ.NHYT01000001	irp2_285_NZ.NTPD01000023	irp2_286_NZ.NLZX01000039	irp2_287_NZ.NOHQ01000020	irp2_288_NZ.NLZJ01000036	irp2_289_NZ.QOEL01000026	irp2_28_NZ.UGCA01000002	irp2_290_NZ.NOBF01000018	irp2_291_NZ.BGXM01000023	irp2_292_NZ.QLAC01000001	irp2_293_NZ.NFSP01000008	irp2_294_NZ.NFTL01000016	irp2_295_NZ.PYQJ01000016	irp2_296_NZ.UILN01000001	irp2_297_NZ.QOOL01000089	irp2_298_NZ.NOHH01000018	irp2_299_NZ.BGNW01000020	irp2_29_NZ.CP027520	irp2_2_NZ.QWNK01000221	irp2_300_QOEN01000019	irp2_301_NZ.NLWX01000011	irp2_302_NZ.NBKS01000079	irp2_303_NZ.BGSG01000021	irp2_304_QFRY01000608	irp2_305_NZ.FQYC01000005	irp2_306_NZ.NMGP01000001	irp2_307_NZ.NMIW01000028	irp2_308_QFQC01000032	irp2_309_NZ.BGNJ01000017	irp2_30_NZ.NNUY01000022	irp2_310_NZ.QNTC01000060	irp2_311_NZ.NOCN01000029	irp2_312_NZ.CP027461	irp2_313_NZ.BGYF01000020	irp2_314_NZ.NNYG01000027	irp2_315_QOFB01000020	irp2_316_NZ.NMLB01000031	irp2_317_NZ.BGRE01000007	irp2_318_NZ.CP019000	irp2_319_NZ.QGIE01000012	irp2_31_NZ.UILZ01000029	irp2_320_NZ.NMAY01000003	irp2_321_QOFE01000008	irp2_322_NZ.NOPB01000001	irp2_323_NZ.UEKQ01000004	irp2_324_NZ.NODX01000001	irp2_325_NZ.NOCS01000061	irp2_326_NZ.BDHY01000027	irp2_327_NZ.QHCX01000007	irp2_328_NZ.UGFT01000003	irp2_329_NZ.BGYP01000020	irp2_32_NZ.QKQU01000026	irp2_330_NZ.BGWF01000021	irp2_331_NZ.NONY01000012	irp2_332_NZ.NOPP01000029	irp2_333_NZ.NLWN01000039	irp2_334_NZ.CP028126	irp2_335_NZ.QLKL01000007	irp2_336_NZ.NOEI01000037	irp2_337_NZ.NNZK01000003	irp2_338_NZ.UGBC01000003	irp2_339_NZ.UGFV01000001	irp2_33_NZ.NNWU01000028	irp2_340_NZ.NMAU01000048	irp2_341_NZ.UEMM01000001	irp2_342_NZ.BGSE01000014	irp2_343_NZ.NMML01000030	irp2_344_NZ.NOPJ01000028	irp2_345_NZ.NOAJ01000004	irp2_346_NZ.NMAZ01000029	irp2_34_NZ.UEMK01000034	irp2_35_NZ.NOHF01000030	irp2_36_NZ.NOSM01000001	irp2_37_NZ.PGIY01000009	irp2_38_NZ.BGKO01000025	irp2_39_NZ.NMLJ01000018	irp2_3_CP010315	irp2_40_NZ.NMDF01000039	irp2_41_NZ.NLXY01000002	irp2_42_NZ.UIMN01000032	irp2_43_NZ.UIIA01000001	irp2_44_NZ.NMDS01000013	irp2_45_NZ.NOBP01000001	irp2_46_NZ.BGNI01000004	irp2_47_NZ.PVPS01000038	irp2_48_NZ.NORW01000031	irp2_49_NZ.NMHI01000003	irp2_4_CP001671	irp2_50_NZ.CP013185	irp2_51_NZ.NMHA01000004	irp2_52_NZ.NMKR01000001	irp2_53_NZ.UGEK01000001	irp2_54_NZ.BGXX01000021	irp2_55_NZ.QAGC01000027	irp2_56_NZ.NLXK01000019	irp2_57_NZ.NBKL01000045	irp2_58_NZ.QOHA01000015	irp2_59_NZ.NTOF01000005	irp2_5_NZ.UGCW01000003	irp2_60_NZ.NNVC01000032	irp2_61_NZ.NBBR01000017	irp2_62_NZ.BDHS01000036	irp2_63_NZ.NOGC01000026	irp2_64_NZ.BGQT01000003	irp2_65_NZ.NMDG01000033	irp2_66_NZ.NNYS01000020	irp2_67_NZ.UEMJ01000002	irp2_68_NZ.BGXN01000014	irp2_69_NZ.NOQP01000019	irp2_6_NZ.NLXI01000002	irp2_70_NZ.PXIF01000061	irp2_71_NZ.NHZB01000038	irp2_72_NZ.NLXG01000028	irp2_73_NZ.UEMD01000021	irp2_74_NZ.QKNC01000001	irp2_75_NZ.QBCH01000114	irp2_76_NZ.NHYV01000025	irp2_77_NZ.QOGY01000027	irp2_78_QFSR01000014	irp2_79_NZ.NOUN01000026	irp2_7_NZ.QWNQ01000284	irp2_80_QOEB01000023	irp2_81_NZ.NNYO01000017	irp2_82_NZ.CP029579	irp2_83_NZ.CP029574	irp2_84_QOEX01000002	irp2_85_NZ.NMEK01000002	irp2_86_NZ.NOHG01000003	irp2_87_NZ.UGCH01000001	irp2_88_NZ.NOEW01000027	irp2_89_NZ.NOTE01000038	irp2_8_NZ.PTJL01000035	irp2_90_NZ.NMHB01000001	irp2_91_NZ.BDHX01000031	irp2_92_NZ.QOOQ01000067	irp2_93_NZ.NOQB01000029	irp2_94_NZ.UGDZ01000006	irp2_95_NZ.NNZY01000001	irp2_96_NZ.NMGW01000001	irp2_97_NZ.NMCD01000015	irp2_98_NZ.NBCE01000070	irp2_99_NZ.NOTN01000020	irp2_9_NZ.NLXO01000005
iucC_4_NC+	iucC_10_CYAT01000077	iucC_11_CYDI01000018	iucC_12_CYCI01000061	iucC_13_CYAZ01000069	iucC_14_CXZO01000056	iucC_15_CYBH01000047	iucC_16_CU928162	iucC_17_CU928145	iucC_18_CP002212	iucC_19_CP000970	iucC_1_AAJW02000016	iucC_20_AHAW01000079	iucC_21_AFST01000006	iucC_22_AHAX01000084	iucC_23_AP010960	iucC_24_X76100	iucC_25_UGFF01000002	iucC_26_UGBP01000004	iucC_27_UFZG01000001	iucC_28_UGAI01000003	iucC_29_UCZH01000017	iucC_2_CP003034	iucC_30_UGFC01000006	iucC_31_UCYP01000005	iucC_32_UFZP01000007	iucC_33_UGDF01000003	iucC_34_UGBG01000002	iucC_35_UGBU01000002	iucC_36_UGFA01000002	iucC_37_AP018808	iucC_38_UGGG01000003	iucC_39_UGDG01000002	iucC_3_CBTO010000002	iucC_40_UGBA01000002	iucC_41_UGAK01000003	iucC_42_UGCA01000004	iucC_43_UFZO01000004	iucC_44_UGFV01000002	iucC_45_UGFX01000002	iucC_46_UEKQ01000022	iucC_47_UGAA01000001	iucC_4_NC.007675	iucC_5_AY553855	iucC_6_HG941718	iucC_7_FBYD01000004	iucC_8_CVTE01000047	iucC_9_AMUG01000109
iutA_-	iutA_10_CXZO01000056	iutA_11_HG941718	iutA_12_FBYD01000004	iutA_13_LORE01000077	iutA_1_CP003034	iutA_25_CXZR01000045	iutA_26_CYBK01000044	iutA_27_CP001671	iutA_28_CP000970	iutA_29_CBTO010000002	iutA_2_CP001856	iutA_3_NC.011964	iutA_40_UFZI01000001	iutA_42_UGGG01000003	iutA_48_UDFN01000030	iutA_49_UDIE01000100	iutA_4_LN831046	iutA_51_UGAJ01000002	iutA_52_UGDB01000001	iutA_53_MG649032	iutA_54_MG825372	iutA_55_UGFT01000002	iutA_58_UGGK01000002	iutA_5_NC.007675	iutA_61_UDHK01000023	iutA_68_UFZG01000001	iutA_6_NC.020271	iutA_70_KY007017	iutA_7_AY553855	iutA_8_NC.011980	iutA_9_KP789020
kpsM	kpsM.K11_5_MG736913
kpsM+	kpsM.K19_4_UGEX01000002	kpsM_6_UASA01000005
kpsMII	kpsMII.K94_7_UGCE01000001
kpsMII+	kpsMII.K1_1_CP000970	kpsMII.K1_2_UGBA01000002	kpsMII.K1_3_UWVU01000001	kpsMII.K1_4_UWVJ01000006_UWVJ01000000	kpsMII.K1_5_M57382	kpsMII.K1_6_UGAO01000001	kpsMII.K1_7_UFZP01000007	kpsMII.K23_16_LR134208	kpsMII.K24_13_MG739439	kpsMII.K4_18_UGEJ01000002	kpsMII.K52_11_UGGK01000002	kpsMII.K5_10_UFZG01000001	kpsMII.K5_11_UWVG01000001	kpsMII.K5_12_MG739438	kpsMII.K5_15_MG739441	kpsMII.K5_16_QONU01000019	kpsMII.K5_17_UGBF01000004	kpsMII.K5_17_UGDW01000001	kpsMII.K5_18_QONF01000073	kpsMII.K5_19_UGCW01000003	kpsMII.K5_1_APXH01000119	kpsMII.K5_20_UGAK01000003	kpsMII.K5_21_UEYM01000023	kpsMII.K5_22_UGFJ01000003	kpsMII.K5_23_QOMG01000002	kpsMII.K5_24_OEEX01000063	kpsMII.K5_25_UGDM01000004	kpsMII.K5_27_UGCH01000001	kpsMII.K5_28_UGFC01000006	kpsMII.K5_30_X53819	kpsMII.K5_31_UASB01000005	kpsMII.K5_32_UEKQ01000001	kpsMII.K5_33_QONB01000022	kpsMII.K5_34_JOSS01000059	kpsMII.K5_35_UGCC01000002	kpsMII.K5_36_UFZU01000002	kpsMII.K5_37_JOQL01000002	kpsMII.K5_39_JONC01000109	kpsMII.K5_3_JOST01000186	kpsMII.K5_40_UDCC01000003	kpsMII.K5_4_CP030337	kpsMII.K5_5_JHDL01000068	kpsMII.K5_6_AAMK02000004	kpsMII.K5_7_AM946981	kpsMII.K5_9_UGCV01000008	kpsMII_10_UCVU01000128	kpsMII_12_DQ242482	kpsMII_13_FN554766	kpsMII_14_AQDS01000134	kpsMII_14_MG736912	kpsMII_15_UDAK01000005	kpsMII_19_JHDF01000027	kpsMII_1_UGAW01000001	kpsMII_20_APXW01000155	kpsMII_21_CP015834	kpsMII_26_QONK01000308	kpsMII_29_UCTZ01000002	kpsMII_2_CXWG01000031	kpsMII_2_JMGQ01000109	kpsMII_38_QOOR01000049	kpsMII_3_JORM01000037	kpsMII_4_QMGM01000001	kpsMII_5_JNMN01000029	kpsMII_6_QOLT01000089	kpsMII_7_QOOE01000085	kpsMII_8_GG771940	kpsMII_8_JNNG01000154	kpsMII_9_UGFM01000001
kpsMIII+	kpsMIII.K10_3_UGBE01000003	kpsMIII.K10_5_AF126952	kpsMIII.K96_2_MG736915	kpsMIII.K98_1_UGDC01000003	kpsMIII_4_UDBB01000049
kpsM_1	kpsM.K19K23_1_UFZJ01000003
kpsM_2	kpsM.K15_1_AEZL02000036	kpsM.K15_2_AJ617685	kpsM.K15_3_AQGG01000088
lgt_1_NC	lgt_1_NC.003210.1
lhrC_1_NC	lhrC_1_NC.003210.1
lipA_1_NC	lipA_1_NC.003210.1
lisK_1_NC	lisK_1_NC.003210.1
lisR_1_NC	lisR_1_NC.003210.1
lmo0514_1_NC	lmo0514_1_NC.003210.1
lmo0610_1_NC	lmo0610_1_NC.003210.1
lmo2026_1_NC	lmo2026_1_NC.003210.1
lmo2085_1_NC	lmo2085_1_NC.003210.1
lntA_1_NC	lntA_1_NC.003210.1
lpeA_1_NC	lpeA_1_NC.003210.1
lplA1_1_NC	lplA1_1_NC.003210.1
lsp_1_NC	lsp_1_NC.003210.1
lukD_-	lukD_10_HF937103.1	lukD_11_AJ938182.1	lukD_12_CP006706.1	lukD_13_CP001996.1	lukD_14_LN831036.1	lukD_15_CP010402.1	lukD_1_BA000018.3	lukD_2_AP014942.1	lukD_3_CP010402.1	lukD_4_AP014653.1	lukD_5_CP007674.1	lukD_6_CP010300.1	lukD_7_CP011526.1	lukD_8_CP006838.1	lukD_9_CP007499.1
lukE_-	lukE_10_CP006706.1	lukE_11_AJ938182.1	lukE_1_BA000018.3	lukE_2_CP000736.1	lukE_3_AP014653.1	lukE_4_CP003194.1	lukE_5_AP014942.1	lukE_6_BA000033.2	lukE_7_HF937103.1	lukE_8_CP003033.1	lukE_9_CP001781.1
lukF_PV_-	lukF_PV_10_AB678718.1	lukF_PV_11_AB678715.1	lukF_PV_12_AB006796.1	lukF_PV_13_X72700.1	lukF_PV_1_AB04978.2	lukF_PV_2_FJ821791.1	lukF_PV_3_AB678716.1	lukF_PV_4_CP012119.1	lukF_PV_5_HM584704.1	lukF_PV_6_HM584707.1	lukF_PV_7_AP012341.1	lukF_PV_8_AB678713.1	lukF_PV_9_FJ821791.1
lukS_PV_-	lukS_PV_10_X72700.1	lukS_PV_11_AB256039.1	lukS_PV_12_EU368821.1	lukS_PV_1_AB045978.2	lukS_PV_2_HM584704.1	lukS_PV_3_KF773712.1	lukS_PV_4_AB678714.1	lukS_PV_5_AB009866.2	lukS_PV_6_AB678712.1	lukS_PV_7_CP012119.1	lukS_PV_8_DQ993352.1	lukS_PV_9_AB678718.1
mogR_1_NC	mogR_1_NC.003210.1
mpl_1_NC	mpl_1_NC.003210.1
mprf_1_NC	mprf_1_NC.003210.1
murA_1_NC	murA_1_NC.003210.1
neuC_-	neuC_18_NZ.UINR01000001	neuC_25_NZ.NLVN01000158
neuC_-_1	neuC_11_CP000970	neuC_15_NZ.QSVV01000010	neuC_19_NZ.NOGN01000008	neuC_1_ADUG01000366	neuC_21_NZ.NJLG01000006	neuC_23_NZ.UILF01000001	neuC_26_NZ.QDKR01000006	neuC_28_NZ.BGTG01000004	neuC_29_UGAA01000001	neuC_2_HG428755	neuC_36_QXHA01001473	neuC_38_UGDD01000002	neuC_39_NZ.UIJJ01000001	neuC_42_NZ.CP032265	neuC_44_NZ.UIMN01000031	neuC_45_NZ.NOBG01000051	neuC_46_NZ.UIHP01000039	neuC_48_NZ.NMHH01000001	neuC_50_NZ.NJKG01000006	neuC_55_NZ.UIJU01000012	neuC_59_NZ.QWMY01000543	neuC_60_NZ.PQAX01000031	neuC_63_NZ.NXML01000069	neuC_65_NZ.NMAZ01000014	neuC_66_QONK01000308	neuC_68_NZ.NJJY01000006	neuC_9_JJLW01000144
neuC_-_2	neuC_13_AFAA02000007	neuC_20_NZ.QEUG01000009	neuC_22_NZ.JZMI01000014	neuC_31_NZ.PVMG01000001	neuC_47_NZ.CP028379	neuC_52_NZ.CP027103	neuC_57_NZ.NMEM01000076
neuC_-_3	neuC_16_NZ.NEKI01000003	neuC_30_NZ.JZNB01000033	neuC_34_NZ.UGBD01000002	neuC_37_NZ.NEKO01000015	neuC_40_NZ.NJSA01000011	neuC_51_NZ.PJHN01000008	neuC_54_NZ.NEKQ01000012	neuC_8_JNPZ01000001
neuC_-_4	neuC_32_NZ.NRTG01000201	neuC_33_NZ.UCXH01000011	neuC_35_NZ.UGGB01000001	neuC_41_NZ.NHPS01000003	neuC_4_CXZK01000001	neuC_56_NZ.NMNK01000001	neuC_5_CYBM01000022	neuC_62_NZ.QEUA01000014
neuC_-_5	neuC_10_JJLL01000133	neuC_43_NZ.PGUL01000026	neuC_49_NZ.UDBU01000001	neuC_53_NZ.QETR01000020	neuC_7_JJLO01000125
neuC_-_6	neuC_17_NZ.UCUY01000086	neuC_24_NZ.MRWA01000114	neuC_27_NZ.NODN01000018	neuC_6_CYBD01000001
neuC_14_NZ+	neuC_14_NZ.NNYK01000004	neuC_3_JNRS01000018
neuC_58_NZ	neuC_58_NZ.UFYL01000003
neuC_6-	neuC_61_NZ.PCGP01000140	neuC_67_NZ.JZMO01000001
neuC_64_NZ+	neuC_12_APXI01000085	neuC_64_NZ.JZML01000001
ompT_-	ompT_100_NZ.NMDU01000007	ompT_101_NZ.UEMJ01000008	ompT_102_NZ.PURS01000059	ompT_103_NZ.PGLN01000073	ompT_104_NZ.NOGB01000056	ompT_105_NZ.NOGE01000047	ompT_106_UCTY01000049	ompT_107_UGCP01000002	ompT_108_NZ.UGEL01000003	ompT_109_NZ.BGRS01000003	ompT_10_CYCR01000060	ompT_110_NZ.NBKA01000149	ompT_111_NZ.CP028192	ompT_112_NZ.NLYR01000118	ompT_113_UGDA01000003	ompT_114_UDHB01000050	ompT_115_NZ.JZNC01000042	ompT_116_NZ.NSKO01000403	ompT_117_NZ.NJVU01000041	ompT_118_NZ.NJZM01000008	ompT_119_NZ.NLJU01000043	ompT_11_JNMC01000005	ompT_120_UDIT01000020	ompT_121_NZ.NJYM01000071	ompT_122_NZ.JZMI01000016	ompT_123_NZ.NOQI01000023	ompT_124_NZ.JZQJ01000127	ompT_125_NZ.CP027591	ompT_126_QOOE01000048	ompT_127_NZ.NLYT01000075	ompT_128_NZ.NJVS01000056	ompT_129_NZ.MSRA01000063	ompT_12_UGCG01000002	ompT_130_UGBC01000003	ompT_131_NZ.NOPO01000052	ompT_132_NZ.CP027452	ompT_133_NZ.NONS01000047	ompT_134_NZ.NMBX01000051	ompT_135_NZ.PXZJ01000044	ompT_136_NZ.QODO01000003	ompT_137_UDBU01000030	ompT_138_QOER01000034	ompT_139_NZ.NLOR01000025	ompT_13_CP015834	ompT_140_UGCV01000008	ompT_141_NZ.NBCH01000019	ompT_142_NZ.NLJQ01000050	ompT_143_NZ.NLPT01000052	ompT_144_CP030111	ompT_145_NZ.NLZV01000108	ompT_146_UDAX01000019	ompT_148_NZ.NLGH01000042	ompT_149_NZ.NJLO01000006	ompT_14_JJMB01000012	ompT_150_NZ.NOQT01000039	ompT_151_UGGG01000003	ompT_152_NZ.NOCN01000074	ompT_153_NZ.MOFV01000162	ompT_154_NZ.NNZC01000021	ompT_155_NZ.NSKN01000151	ompT_156_NZ.NLUK01000063	ompT_157_NZ.NOSQ01000004	ompT_158_NZ.NMEP01000002	ompT_159_UCXM01000004	ompT_15_JHDO01000060	ompT_160_NZ.JZNB01000007	ompT_161_NZ.NMIV01000045	ompT_162_UGDC01000003	ompT_163_NZ.JZME01000041	ompT_164_NZ.JZQI01000036	ompT_166_QOLY01000014	ompT_167_QODR01000004	ompT_168_NZ.NLSO01000001	ompT_169_NZ.NOFA01000006	ompT_16_AP009048	ompT_170_QOEF01000040	ompT_171_NZ.NLNV01000007	ompT_172_AP018796	ompT_173_NZ.NMEZ01000055	ompT_174_NZ.NNTG01000099	ompT_175_UGEZ01000005	ompT_176_UCZM01000001	ompT_177_NZ.NONY01000068	ompT_178_NZ.QLAC01000018	ompT_179_NZ.NLWG01000014	ompT_17_HE962388	ompT_180_QMGM01000001	ompT_181_NZ.NNTK01000066	ompT_182_UFZO01000005	ompT_183_NZ.CP027325	ompT_184_UGDQ01000001	ompT_185_UFZK01000002	ompT_186_NZ.FQYC01000398	ompT_187_NZ.NMLG01000041	ompT_188_QOOH01000085	ompT_189_UINH01000010	ompT_18_JNQU01000001	ompT_190_NZ.NKVD01000029	ompT_191_NZ.PTMT01000109	ompT_192_NZ.CP027366	ompT_193_NZ.NOAR01000014	ompT_194_UCUQ01000002	ompT_195_NZ.NODK01000001	ompT_196_NZ.NJJJ01000014	ompT_197_NZ.NJKA01000016	ompT_198_QOMG01000021	ompT_199_NZ.NLRS01000001	ompT_19_CP000243	ompT_1_AIHA01000007	ompT_200_QOLR01000100	ompT_201_NZ.NBCS01000106	ompT_202_NZ.POSY01000004	ompT_203_NZ.UGCW01000003	ompT_204_NZ.NLUU01000007	ompT_205_NZ.MJAL01000206	ompT_206_NZ.NLPD01000004	ompT_207_NZ.UEMK01000030	ompT_208_UGBX01000001	ompT_209_NZ.PYRB01000001	ompT_20_AQEU01000003	ompT_210_UCTZ01000005	ompT_211_UGCB01000003	ompT_212_NZ.PSNS01000004	ompT_213_QODM01000098	ompT_214_NZ.NLLN01000004	ompT_215_NZ.NKOY01000179	ompT_216_NZ.NLHH01000002	ompT_217_NZ.JZQP01000110	ompT_218_NZ.PJFQ01000001	ompT_219_UFXW01000004	ompT_21_CXZF01000004	ompT_220_NZ.PGJT01000088	ompT_221_NZ.UGFL01000005	ompT_222_NZ.NLOU01000043	ompT_223_NZ.NNYI01000009	ompT_224_NZ.NOFH01000010	ompT_225_QOES01000001	ompT_226_NZ.NNTZ01000022	ompT_227_NZ.UCZG01000049	ompT_228_QOEC01000054	ompT_229_UGFB01000004	ompT_22_AMVC01000243	ompT_230_NZ.PYQN01000009	ompT_231_NZ.NNYD01000043	ompT_232_NZ.NOPG01000009	ompT_233_NZ.NOGK01000047	ompT_234_NZ.NNWI01000070	ompT_235_NZ.NORT01000028	ompT_236_UCZN01000002	ompT_237_NZ.CP027103	ompT_238_NZ.NMGE01000038	ompT_239_NZ.NOPM01000064	ompT_23_CYAG01000051	ompT_241_NZ.NJJH01000055	ompT_242_NZ.NBKH01000024	ompT_243_NZ.NMIX01000005	ompT_244_NZ.UDGD01000039	ompT_245_NZ.NTPO01000042	ompT_246_NZ.JZMW01000089	ompT_247_NZ.NNXK01000062	ompT_248_NZ.NMDN01000093	ompT_249_UCWM01000032	ompT_24_CYEN01000001	ompT_250_UGBO01000003	ompT_251_NZ.NLOA01000083	ompT_252_NZ.QAFY01000089	ompT_253_UFZU01000002	ompT_254_UGBM01000005	ompT_255_NZ.NJVB01000030	ompT_256_NZ.NOGN01000017	ompT_257_NZ.NOOA01000003	ompT_258_NZ.NKAF01000006	ompT_259_NZ.NOFF01000041	ompT_25_CYEB01000020	ompT_260_NZ.NOPV01000064	ompT_261_NZ.CP029741	ompT_262_NZ.NKOM01000004	ompT_263_NZ.JZQK01000178	ompT_264_UCXI01000038	ompT_265_UGAK01000003	ompT_266_NZ.CP027520	ompT_267_NZ.CP027579	ompT_268_NZ.NMIM01000015	ompT_269_NZ.NLRN01000008	ompT_26_CYEA01000009	ompT_270_QNRA01000019	ompT_271_NZ.NBJM01000161	ompT_272_NZ.NLJW01000030	ompT_273_UCUF01000039	ompT_274_NZ.JZMZ01000031	ompT_275_UGBJ01000001	ompT_276_NZ.NMDH01000057	ompT_277_NZ.NLVX01000052	ompT_278_NZ.BGRE01000001	ompT_279_UGDP01000001	ompT_27_CYEP01000001	ompT_280_PUQW01000044	ompT_281_NZ.QKNC01000001	ompT_282_NZ.NMMZ01000072	ompT_283_NZ.NSKV01000039	ompT_284_NZ.NOSO01000003	ompT_285_NZ.QXHK01000112	ompT_286_NZ.NBCB01000127	ompT_287_QOLF01000095	ompT_288_NZ.NBJV01000052	ompT_289_NZ.PUTD01000017	ompT_28_AIFU01000004	ompT_290_NZ.PUTD01000011	ompT_291_NZ.UGEF01000002	ompT_292_UFZG01000001	ompT_293_UDHK01000003	ompT_294_NZ.NOAZ01000095	ompT_295_NZ.NMAK01000038	ompT_296_QONF01000064	ompT_297_UFZL01000003	ompT_298_NZ.NLXV01000002	ompT_299_NZ.NBJQ01000167	ompT_29_CYAS01000099	ompT_2_AKKW01000221	ompT_300_NZ.NOSP01000058	ompT_301_UGEY01000001	ompT_302_NZ.PJGM01000060	ompT_303_NZ.NMFV01000017	ompT_304_NZ.NOMQ01000052	ompT_305_NZ.NMHZ01000085	ompT_306_NZ.NLVD01000136	ompT_307_NZ.NJVM01000003	ompT_308_NZ.PVOE01000037	ompT_309_NZ.NOES01000004	ompT_30_CYGA01000006	ompT_310_UGAU01000003	ompT_311_NZ.JZOI01000021	ompT_312_NZ.NOTS01000026	ompT_313_NZ.AFDY02000018	ompT_314_NZ.JZPT01000244	ompT_31_ACGN01000009	ompT_32_JNMR01000060	ompT_33_CCYBW01000007	ompT_34_CYBO01000022	ompT_35_CAIGY01000025	ompT_36_CYAE01000051	ompT_37_CYBM01000007	ompT_38_CYDO01000006	ompT_39_JJLJ01000007	ompT_3_AKLM01000275	ompT_40_JOQR01000001	ompT_41_CYBG01000003	ompT_42_CP001846	ompT_43_CXZC01000001	ompT_44_AKKX01000238	ompT_45_AKKY01000312	ompT_46_AMUN01000024	ompT_47_CU651637	ompT_48_CU928162	ompT_49_CU928161	ompT_4_AMUL01000017	ompT_50_AIEY01000031	ompT_51_JJLU01000094	ompT_52_JNQO01000068	ompT_53_JORM01000007	ompT_54_JOQM01000095	ompT_55_JNRS01000001	ompT_56_JNPG01000021	ompT_57_JNMN01000005	ompT_58_JNMM01000033	ompT_59_JMGQ01000065	ompT_5_AMUP01000011	ompT_60_JHDP01000010	ompT_61_CP001969	ompT_62_AE014075	ompT_63_AVSA01000040	ompT_64_AQCZ01000015	ompT_65_APXD01000019	ompT_66_APXF01000090	ompT_67_AQDB01000059	ompT_68_AQDC01000059	ompT_69_AQEH01000047	ompT_6_AMVF01000200	ompT_70_AQFA01000028	ompT_71_AQDM01000069	ompT_72_AFAG02000008	ompT_73_AIHC01000041	ompT_74_AIGF01000009	ompT_75_AIFA01000036	ompT_76_JN204518	ompT_77_JN204517	ompT_78_JN204516	ompT_79_JN204515	ompT_7_AMVJ01000029	ompT_80_NZ.PQEW01000132	ompT_81_NZ.JZND01000125	ompT_82_NZ.NLUN01000102	ompT_83_NZ.NMBQ01000027	ompT_84_NZ.CP026755	ompT_85_QFSC01000101	ompT_86_PURA01000002	ompT_87_NZ.CP027457	ompT_88_NZ.NOQP01000003	ompT_89_NZ.JZOL01000081	ompT_90_NZ.QHCX01000046	ompT_91_UGEA01000006	ompT_92_NZ.NJSF01000003	ompT_93_NZ.PQAY01000010	ompT_94_NZ.NLLS01000045	ompT_95_NZ.PSOV01000018	ompT_96_NZ.BGUC01000002	ompT_97_NZ.NNUJ01000036	ompT_98_PURT01000053	ompT_99_NZ.NBJX01000033	ompT_9_CYBU01000102
papA	papA.F536_10_AF255005	papA.F536_4_AF237477	papA.F536_8_AF255002	papA.F536_9_AF255003
papA_1	papA.F7_1_12_AF447814	papA.F7_1_31_M68061	papA.F7_1_32_X02921
papA_10	papA.fsiA_F16_1_CU928163	papA.fsiA_F16_2_Y08930
papA_11	papA.F40_3_AF234627
papA_12	papA.F12_1_AF051810	papA.F12_6_AF247354	papA.F12_7_AF247357	papA.ffiA_F15_1_Y08929	papA.prsA_F12_1_X62157
papA_13	papA.F19_19_AP017620
papA_2	papA.F9_15_ECOPAPAA
papA_3	papA.F11_13_AP017617	papA.F11_17_AEZL02000036	papA.F11_21_APZL01000033	papA.F11_22_AQFE01000021	papA.F11_25_CP025401	papA.F11_26_CVTE01000046	papA.F11_29_GG773022	papA.F1651A_14_ECOF165A	papA.F20_24_CP019944
papA_4	papA.F14_18_AM690765	papA.F14_23_CP001671	papA.ffoA_F14_1_Y08928
papA_5	papA.F7_2_34_ECOFIMAA
papA_6	papA.F43_16_JNMC01000043	papA.fteA_F10_1_Y08927
papA_7	papA.F8_5_AF247348	papA.feiA_F8_1_AF247349	papA.feiA_F8_2_Y08931
papA_8	papA.F13_20_APYA01000073	papA.F13_28_EU156123	papA.F13_30_JONC01000026	papA.F13_33_X61239
papA_9	papA.F48_11_AF287159	papA.F48_27_CXWG01000029	papA.F48_2_AF234626
perR_1_NC	perR_1_NC.003210.1
pgdA_1_NC	pgdA_1_NC.003210.1
pgl_1_NC	pgl_1_NC.003210.1
plcA_1_NC	plcA_1_NC.003210.1
plcB_1_NC	plcB_1_NC.003210.1
prfA_1_NC	prfA_1_NC.003210.1
prsA2_1_NC	prsA2_1_NC.003210.1
pycA_1_NC	pycA_1_NC.003210.1
recA_1_NC	recA_1_NC.003210.1
relA_1_NC	relA_1_NC.003210.1
sak_-	sak_1_BA000018.3	sak_2_BA000017.4	sak_3_BA000033.2	sak_4_CP000253.1	sak_5_CP007447.1	sak_6_AP014942.1	sak_7_CP009554.1	sak_8_CP003979.1	sak_9_HE681097.1
scn_-	scn_1_AP009351.1	scn_2_LC032460.1	scn_3_KF831354.1
sea_-	sea_10_AP009324.1	sea_11_CP010526.1	sea_1_AP009324.1	sea_2_CP010526.1	sea_3_BA000033.2	sea_4_FJ495182.1	sea_5_EF520720.1	sea_6_L22566.1	sea_7_AP009351.1	sea_8_DQ530361.1	sea_9_KJ596420.1
seb_-	seb_1_CP007539.1	seb_2_KC428707.1	seb_3_DQ997831.1	seb_4_AB716349.1	seb_5_AB860415.1	seb_6_AB716351.1	seb_7_AB716352.1	seb_8_AB716350.1
sec-	sec3_2_M28364.1	sec3_6_AP009324.1	sec3_9_JN689383.1	sec_10_AB084256.1	sec_1_BA000033.2	sec_3_AB860417.1	sec_4_KF386012.1	sec_5_X05815.1	sec_7_AB084256.1	sec_8_KF729631.1
secA2_1_NC	secA2_1_NC.003210.1
sed_-	sed_1_M28521.1	sed_2_M94872.1	sed_3_KF007920.1
see_1_M21319	see_1_M21319.1
seg_-	seg_1_CP001844.2	seg_2_CP002388.1	seg_3_AJ938182.1
seh_-	seh_1_BX571857.1	seh_2_U11702.1	seh_3_AY345144.1
sei_-	sei_1_BA000018.3	sei_2_AJ938182.1	sei_3_CP011147.1	sei_4_CP002388.1
sej_-	sej_1_GQ900405.1	sej_2_AB075606.1
sek_-	sek_1_CP000255.1	sek_2_U93688.2	sek_3_CP007539.1	sek_4_GQ358928.1	sek_5_CP006630.1	sek_6_BA000033.2
sel_-	sel_1_BA000018.3	sel_2_AF217235.1
sem_-	sem_1_CP002388.1	sem_2_AJ938182.1	sem_3_BA000018.3
sen_-	sen_1_BA000018.3	sen_2_AP014653.1
seo_-	seo_1_BA000018.3	seo_2_CP003979.1	seo_3_CP002388.1	seo_4_AJ938182.1
sep_-	sep_1_BA000018.3	sep_2_KF831354.1
seq_-	seq_10_CP003603.1	seq_11_CP006630.1	seq_12_CP002643.1	seq_13_CP003604.1	seq_1_CP002643.1	seq_2_AP014942.1	seq_3_FN433596.1	seq_4_CP003603.1	seq_5_CP006630.1	seq_6_CP003604.1	seq_7_AB704541.1	seq_8_CP000255.1	seq_9_AP014942.1
ser_1_AB075606	ser_1_AB075606.1
seu_-	seu_1_CP002388.1	seu_2_HE681097.1	seu_3_CP006706.1
sigB_1_NC	sigB_1_NC.003210.1
sipX_1_NC	sipX_1_NC.003210.1
sipZ_1_NC	sipZ_1_NC.003210.1
sitA_-	sitA_10_CYGJ01000009	sitA_11_CYBM01000027	sitA_12_AEZY02000018	sitA_13_ADUF01000017	sitA_14_ADUD01000073	sitA_15_ADUC01000392	sitA_16_ADTP01000122	sitA_17_ADTM01000098	sitA_18_FN554766	sitA_19_CU928162	sitA_1_UGBZ01000001ADUG01000044	sitA_20_CP002797	sitA_21_NC.014615	sitA_22_AM072350	sitA_23_AEZR02000038	sitA_24_AEZL02000004	sitA_25_UFYX01000005	sitA_26_UGEM01000004	sitA_27_UCZT01000034	sitA_28_UGGJ01000005	sitA_29_UGDZ01000006	sitA_2_DQ335213	sitA_30_UFZP01000004	sitA_31_UCXU01000057	sitA_32_UCVN01000022	sitA_33_UDIE01000163	sitA_34_UFYE01000002	sitA_35_UARU01000020	sitA_36_UGBE01000001	sitA_37_UGAI01000003	sitA_38_UDAS01000029	sitA_39_UGDY01000003	sitA_3_CP001856	sitA_40_UGAK01000003	sitA_41_UGAW01000001	sitA_42_UDBN01000005	sitA_43_UCUV01000002	sitA_44_UGCD01000002	sitA_45_UINK01000010	sitA_46_UGFB01000004	sitA_47_UGFX01000002	sitA_48_UFZG01000001	sitA_49_UGFS01000002	sitA_4_NC.011964	sitA_50_UCVM01000001	sitA_51_UGCR01000001	sitA_52_CP025403	sitA_53_UFYN01000008	sitA_54_UGFI01000004	sitA_55_UGAX01000001	sitA_56_UGBB01000002	sitA_5_ADTK01000286	sitA_6_NC.007675	sitA_7_AEZP02000013	sitA_8_HG977190	sitA_9_CYBK01000044
sod_1_NC	sod_1_NC.003210.1
splA_-	splA_10_CP003194.1	splA_11_CP003194.1	splA_1_BA000018.3	splA_2_HE579073.1	splA_3_CP003194.1	splA_4_AP014653.1	splA_5_AP014942.1	splA_6_BA000033.2	splA_7_CP007539.1	splA_8_CP006706.1	splA_9_FR821779.1
splB_-	splB_1_BA000018.3	splB_2_AP014942.1	splB_3_FR821779.1	splB_4_CP006706.1
splE_-	splE_1_BX571856.1	splE_2_AP014942.1	splE_3_AP009351.1	splE_4_CP007674.1
srtA_1_NC	srtA_1_NC.003210.1
srtB_1_NC	srtB_1_NC.018642.1
stp_1_NC	stp_1_NC.003210.1
svpA_1_NC	svpA_1_NC.003210.1
tcsA_1_NC	tcsA_1_NC.003210.1
tig_1_NC	tig_1_NC.003210.1
tpx_-	tpx_1_CP003726.1	tpx_2_CP002621.1	tpx_3_295112306	tpx_4_AE016830.1
traT_-	traT_100_UGBW01000005	traT_101_NZ.QXNX01000011	traT_102_NZ.UIMJ01000043	traT_103_MG677985	traT_104_UGFJ01000001	traT_105_NZ.PXKG01000039	traT_107_UCZB01000026	traT_108_UGCA01000001	traT_10_CP000971	traT_110_UCYO01000010	traT_112_NZ.QRIX01000018	traT_113_NZ.QWNO01000268	traT_114_NZ.QNTG01000027	traT_115_UGCL01000002	traT_116_UGDJ01000003	traT_117_UDAI01000010	traT_118_UCVQ01000012	traT_119_NZ.QYZK01000027	traT_120_NZ.QLJR01000229	traT_122_NZ.PXLH01000031	traT_123_UCUP01000039	traT_124_NZ.QWDB01000034	traT_125_NZ.PXKC01000046	traT_126_NZ.UIHS01000033	traT_127_UGEL01000002	traT_128_UDHV01000025	traT_129_UGFZ01000004	traT_12_DQ381420	traT_130_NZ.UIHK01000058	traT_131_NZ.QXIP01000066	traT_132_NZ.UINR01000018	traT_133_NZ.UIHG01000030	traT_134_UGBA01000003	traT_135_NZ.QXHJ01000038	traT_136_NZ.UIJO01000036	traT_138_UDIE01000084	traT_139_UGDN01000002	traT_13_NC.007675	traT_140_UGAF01000004	traT_141_NZ.PDAN01000020	traT_142_UGAO01000002	traT_143_UDCW01000026	traT_144_UDGS01000019	traT_145_UGBD01000001	traT_146_UDGX01000027	traT_147_UDCX01000025	traT_148_UINO01000022	traT_149_NZ.CP031766	traT_14_NC.006671	traT_150_UEJS01000021	traT_151_NZ.UNPL01000128	traT_152_UGAD01000002	traT_153_UCWG01000019	traT_154_NZ.UIHV01000029	traT_155_NZ.CP032205	traT_156_NZ.UIHX01000076	traT_158_NZ.UIKA01000028	traT_159_UDHA01000011	traT_160_NZ.PDAO01000077	traT_161_UCYJ01000020	traT_162_NZ.UIIK01000025	traT_163_UGCK01000004	traT_165_NZ.QRXN01000046	traT_166_UGDG01000001	traT_167_UCXM01000019	traT_168_NZ.UIIS01000044	traT_169_UCZG01000096	traT_16_NC.016039	traT_170_NZ.QFSE01000035	traT_171_LC317979	traT_172_NZ.CP032202	traT_173_UEKA01000045	traT_175_UASH01000011	traT_176_NZ.PCZZ01000123	traT_177_UGAM01000002	traT_178_NZ.UIKX01000016	traT_180_UDAB01000030	traT_181_UGEO01000002	traT_184_NZ.UINO01000022	traT_185_UCUF01000036	traT_186_UINT01000031	traT_187_UDAL01000031	traT_188_NZ.QFSC01000064	traT_189_UFYL01000002	traT_18_HG977148	traT_190_LT985213	traT_191_UCUE01000045	traT_192_UDHK01000021	traT_193_NZ.QNSV01000002	traT_194_NZ.QSVV01000055	traT_195_NZ.UILW01000027	traT_197_UGDX01000001	traT_198_NZ.CP032258	traT_19_NC.010862	traT_1_CP006635	traT_200_UCVH01000038	traT_20_NC.014615	traT_21_LO017736	traT_22_AB261016	traT_23_AP014804	traT_24_LCVH01000288	traT_26_LN831046	traT_27_LAUD01000149	traT_28_FAVL01000121	traT_29_CVTE01000051	traT_2_NC.011964	traT_30_CVTE01000048	traT_31_AELA02000027	traT_32_NC.014232	traT_33_NC.008460	traT_35_CYEE01000045	traT_37_CYEG01000044	traT_38_CXZR01000026	traT_39_CYGN01000138	traT_3_AAJU02000030	traT_40_CYCM01000038	traT_41_CYGH01000010	traT_42_CYGC01000031	traT_43_CXZO01000046	traT_44_CYGF01000036	traT_45_CYFX01000042	traT_46_CYAS01000077	traT_47_CYFQ01000064	traT_48_CYAE01000035	traT_49_CYEQ01000042	traT_4_CP010345	traT_50_CYCH01000047	traT_52_CXZS01000023	traT_53_CYAI01000050	traT_54_CYAB01000028	traT_55_CYAM01000046	traT_56_CYCV01000028	traT_57_CYBR01000041	traT_58_CYCK01000043	traT_59_KP398867	traT_5_CP009167	traT_62_AMUQ01000006	traT_64_AMUL01000088	traT_65_AKLT01000045	traT_67_JYHP01000122	traT_68_FN554767	traT_6_NC.019073	traT_70_NC.019037	traT_71_AQEY01000048	traT_72_AIGY01000005	traT_74_U01159	traT_75_AAMK02000010	traT_77_AAJW02000025	traT_78_NZ.UIJC01000026	traT_79_UCXG01000022	traT_7_AAJT02000054	traT_81_NZ.QFSA01000016	traT_82_NZ.UIIQ01000098	traT_83_AP018353	traT_84_MG515250	traT_85_NZ.UIIR01000065	traT_88_UFYN01000003	traT_89_NZ.QYZE01000022	traT_8_CYFV01000035	traT_90_NZ.UIKU01000027	traT_91_UDHE01000018	traT_92_UCWM01000086	traT_93_UCUH01000024	traT_94_UCWE01000049	traT_95_KU043115	traT_96_UDAN01000025	traT_97_NZ.QWNF01000260	traT_99_NZ.CP032262	traT_9_NC.023315
traT_-_1	traT_111_NZ.QLJR01000215	traT_11_CP000796	traT_25_LCVG01000070	traT_34_CXZC01000023	traT_36_CYDK01000026	traT_51_CYBD01000033	traT_63_AMUM01000194	traT_69_NC.022333	traT_73_AGTD01000004	traT_76_AAJX02000076	traT_80_LT985275	traT_98_NZ.QFRZ01000007
traT_1-	traT_182_NZ.UILR01000016	traT_196_NZ.UILS01000027
traT_1-_1	traT_121_NZ.QRQR01000004	traT_157_NZ.UIMK01000040	traT_174_UGCV01000008	traT_60_AMTE01000156	traT_61_AKKX01000148	traT_66_AKLG01000186
traT_17_NC+	traT_137_LT985300	traT_15_AY686591	traT_17_NC.014843	traT_183_MF156268
traT_199_NZ+	traT_164_FLWH01000012	traT_199_NZ.KZ984345	traT_86_KY798506
tst_-	tst_1_EF531614.1	tst_2_EF531615.1	tst_3_AP009324.1	tst_4_CP009554.1	tst_5_J02615.1
uHpt_1_NC	uHpt_1_NC.003210.1
vip_1_NC	vip_1_NC.003210.1
virR_1_NC	virR_1_NC.003210.1
